Started GET "/" for ::1 at 2026-03-27 13:14:58 +0100
Started GET "/" for ::1 at 2026-03-27 13:14:58 +0100
Started GET "/" for ::1 at 2026-03-27 13:14:58 +0100
  [1m[35m (8.2ms)[0m  [1m[35mCREATE TABLE "schema_migrations" ("version" varchar NOT NULL PRIMARY KEY)[0m
  [1m[35m (1.2ms)[0m  [1m[35mCREATE TABLE "ar_internal_metadata" ("key" varchar NOT NULL PRIMARY KEY, "value" varchar, "created_at" datetime(6) NOT NULL, "updated_at" datetime(6) NOT NULL)[0m
  [1m[36mActiveRecord::SchemaMigration Load (0.4ms)[0m  [1m[34mSELECT "schema_migrations"."version" FROM "schema_migrations" ORDER BY "schema_migrations"."version" ASC[0m
  [1m[36mActiveRecord::SchemaMigration Load (0.5ms)[0m  [1m[34mSELECT "schema_migrations"."version" FROM "schema_migrations" ORDER BY "schema_migrations"."version" ASC[0m
  
ActiveRecord::PendingMigrationError (

Migrations are pending. To resolve this issue, run:

        bin/rails db:migrate

You have 7 pending migrations:

db/migrate/20260101000000_create_users.rb
db/migrate/20260101000100_create_projects.rb
db/migrate/20260101000200_create_project_memberships.rb
db/migrate/20260101000300_create_project_threads.rb
db/migrate/20260101000400_create_messages.rb
db/migrate/20260101000500_create_attachments.rb
db/migrate/20260101000600_create_active_storage_tables.rb


):
  
activerecord (7.2.3) lib/active_record/migration.rb:756:in 'ActiveRecord::Migration.check_pending_migrations'
activerecord (7.2.3) lib/active_record/migration.rb:663:in 'block (2 levels) in ActiveRecord::Migration::CheckPending#call'
activesupport (7.2.3) lib/active_support/file_update_checker.rb:85:in 'ActiveSupport::FileUpdateChecker#execute'
activerecord (7.2.3) lib/active_record/migration.rb:668:in 'block in ActiveRecord::Migration::CheckPending#call'
activerecord (7.2.3) lib/active_record/migration.rb:660:in 'Thread::Mutex#synchronize'
activerecord (7.2.3) lib/active_record/migration.rb:660:in 'ActiveRecord::Migration::CheckPending#call'
actionpack (7.2.3) lib/action_dispatch/middleware/callbacks.rb:31:in 'block in ActionDispatch::Callbacks#call'
activesupport (7.2.3) lib/active_support/callbacks.rb:101:in 'ActiveSupport::Callbacks#run_callbacks'
actionpack (7.2.3) lib/action_dispatch/middleware/callbacks.rb:30:in 'ActionDispatch::Callbacks#call'
actionpack (7.2.3) lib/action_dispatch/middleware/executor.rb:16:in 'ActionDispatch::Executor#call'
actionpack (7.2.3) lib/action_dispatch/middleware/actionable_exceptions.rb:18:in 'ActionDispatch::ActionableExceptions#call'
actionpack (7.2.3) lib/action_dispatch/middleware/debug_exceptions.rb:31:in 'ActionDispatch::DebugExceptions#call'
web-console (4.2.1) lib/web_console/middleware.rb:132:in 'WebConsole::Middleware#call_app'
web-console (4.2.1) lib/web_console/middleware.rb:28:in 'block in WebConsole::Middleware#call'
web-console (4.2.1) lib/web_console/middleware.rb:17:in 'Kernel#catch'
web-console (4.2.1) lib/web_console/middleware.rb:17:in 'WebConsole::Middleware#call'
actionpack (7.2.3) lib/action_dispatch/middleware/show_exceptions.rb:32:in 'ActionDispatch::ShowExceptions#call'
railties (7.2.3) lib/rails/rack/logger.rb:41:in 'Rails::Rack::Logger#call_app'
railties (7.2.3) lib/rails/rack/logger.rb:29:in 'Rails::Rack::Logger#call'
sprockets-rails (3.5.2) lib/sprockets/rails/quiet_assets.rb:17:in 'Sprockets::Rails::QuietAssets#call'
actionpack (7.2.3) lib/action_dispatch/middleware/remote_ip.rb:96:in 'ActionDispatch::RemoteIp#call'
actionpack (7.2.3) lib/action_dispatch/middleware/request_id.rb:33:in 'ActionDispatch::RequestId#call'
rack (3.2.5) lib/rack/method_override.rb:28:in 'Rack::MethodOverride#call'
rack (3.2.5) lib/rack/runtime.rb:24:in 'Rack::Runtime#call'
activesupport (7.2.3) lib/active_support/cache/strategy/local_cache_middleware.rb:29:in 'ActiveSupport::Cache::Strategy::LocalCache::Middleware#call'
actionpack (7.2.3) lib/action_dispatch/middleware/server_timing.rb:61:in 'block in ActionDispatch::ServerTiming#call'
actionpack (7.2.3) lib/action_dispatch/middleware/server_timing.rb:26:in 'ActionDispatch::ServerTiming::Subscriber#collect_events'
actionpack (7.2.3) lib/action_dispatch/middleware/server_timing.rb:60:in 'ActionDispatch::ServerTiming#call'
actionpack (7.2.3) lib/action_dispatch/middleware/executor.rb:16:in 'ActionDispatch::Executor#call'
actionpack (7.2.3) lib/action_dispatch/middleware/static.rb:27:in 'ActionDispatch::Static#call'
rack (3.2.5) lib/rack/sendfile.rb:131:in 'Rack::Sendfile#call'
actionpack (7.2.3) lib/action_dispatch/middleware/host_authorization.rb:143:in 'ActionDispatch::HostAuthorization#call'
railties (7.2.3) lib/rails/engine.rb:535:in 'Rails::Engine#call'
puma (7.2.0) lib/puma/configuration.rb:296:in 'Puma::Configuration::ConfigMiddleware#call'
puma (7.2.0) lib/puma/request.rb:103:in 'block in Puma::Request#handle_request'
puma (7.2.0) lib/puma/thread_pool.rb:355:in 'Puma::ThreadPool#with_force_shutdown'
puma (7.2.0) lib/puma/request.rb:102:in 'Puma::Request#handle_request'
puma (7.2.0) lib/puma/server.rb:503:in 'Puma::Server#process_client'
puma (7.2.0) lib/puma/server.rb:262:in 'block in Puma::Server#run'
puma (7.2.0) lib/puma/thread_pool.rb:182:in 'block in Puma::ThreadPool#spawn_thread'
  
ActiveRecord::PendingMigrationError (

Migrations are pending. To resolve this issue, run:

        bin/rails db:migrate

You have 7 pending migrations:

db/migrate/20260101000000_create_users.rb
db/migrate/20260101000100_create_projects.rb
db/migrate/20260101000200_create_project_memberships.rb
db/migrate/20260101000300_create_project_threads.rb
db/migrate/20260101000400_create_messages.rb
db/migrate/20260101000500_create_attachments.rb
db/migrate/20260101000600_create_active_storage_tables.rb


):
  
activerecord (7.2.3) lib/active_record/migration.rb:756:in 'ActiveRecord::Migration.check_pending_migrations'
activerecord (7.2.3) lib/active_record/migration.rb:663:in 'block (2 levels) in ActiveRecord::Migration::CheckPending#call'
activesupport (7.2.3) lib/active_support/file_update_checker.rb:85:in 'ActiveSupport::FileUpdateChecker#execute'
activerecord (7.2.3) lib/active_record/migration.rb:668:in 'block in ActiveRecord::Migration::CheckPending#call'
activerecord (7.2.3) lib/active_record/migration.rb:660:in 'Thread::Mutex#synchronize'
activerecord (7.2.3) lib/active_record/migration.rb:660:in 'ActiveRecord::Migration::CheckPending#call'
actionpack (7.2.3) lib/action_dispatch/middleware/callbacks.rb:31:in 'block in ActionDispatch::Callbacks#call'
activesupport (7.2.3) lib/active_support/callbacks.rb:101:in 'ActiveSupport::Callbacks#run_callbacks'
actionpack (7.2.3) lib/action_dispatch/middleware/callbacks.rb:30:in 'ActionDispatch::Callbacks#call'
actionpack (7.2.3) lib/action_dispatch/middleware/executor.rb:16:in 'ActionDispatch::Executor#call'
actionpack (7.2.3) lib/action_dispatch/middleware/actionable_exceptions.rb:18:in 'ActionDispatch::ActionableExceptions#call'
actionpack (7.2.3) lib/action_dispatch/middleware/debug_exceptions.rb:31:in 'ActionDispatch::DebugExceptions#call'
web-console (4.2.1) lib/web_console/middleware.rb:132:in 'WebConsole::Middleware#call_app'
web-console (4.2.1) lib/web_console/middleware.rb:28:in 'block in WebConsole::Middleware#call'
web-console (4.2.1) lib/web_console/middleware.rb:17:in 'Kernel#catch'
web-console (4.2.1) lib/web_console/middleware.rb:17:in 'WebConsole::Middleware#call'
actionpack (7.2.3) lib/action_dispatch/middleware/show_exceptions.rb:32:in 'ActionDispatch::ShowExceptions#call'
railties (7.2.3) lib/rails/rack/logger.rb:41:in 'Rails::Rack::Logger#call_app'
railties (7.2.3) lib/rails/rack/logger.rb:29:in 'Rails::Rack::Logger#call'
sprockets-rails (3.5.2) lib/sprockets/rails/quiet_assets.rb:17:in 'Sprockets::Rails::QuietAssets#call'
actionpack (7.2.3) lib/action_dispatch/middleware/remote_ip.rb:96:in 'ActionDispatch::RemoteIp#call'
actionpack (7.2.3) lib/action_dispatch/middleware/request_id.rb:33:in 'ActionDispatch::RequestId#call'
rack (3.2.5) lib/rack/method_override.rb:28:in 'Rack::MethodOverride#call'
rack (3.2.5) lib/rack/runtime.rb:24:in 'Rack::Runtime#call'
activesupport (7.2.3) lib/active_support/cache/strategy/local_cache_middleware.rb:29:in 'ActiveSupport::Cache::Strategy::LocalCache::Middleware#call'
actionpack (7.2.3) lib/action_dispatch/middleware/server_timing.rb:61:in 'block in ActionDispatch::ServerTiming#call'
actionpack (7.2.3) lib/action_dispatch/middleware/server_timing.rb:26:in 'ActionDispatch::ServerTiming::Subscriber#collect_events'
actionpack (7.2.3) lib/action_dispatch/middleware/server_timing.rb:60:in 'ActionDispatch::ServerTiming#call'
actionpack (7.2.3) lib/action_dispatch/middleware/executor.rb:16:in 'ActionDispatch::Executor#call'
actionpack (7.2.3) lib/action_dispatch/middleware/static.rb:27:in 'ActionDispatch::Static#call'
rack (3.2.5) lib/rack/sendfile.rb:131:in 'Rack::Sendfile#call'
actionpack (7.2.3) lib/action_dispatch/middleware/host_authorization.rb:143:in 'ActionDispatch::HostAuthorization#call'
railties (7.2.3) lib/rails/engine.rb:535:in 'Rails::Engine#call'
puma (7.2.0) lib/puma/configuration.rb:296:in 'Puma::Configuration::ConfigMiddleware#call'
puma (7.2.0) lib/puma/request.rb:103:in 'block in Puma::Request#handle_request'
puma (7.2.0) lib/puma/thread_pool.rb:355:in 'Puma::ThreadPool#with_force_shutdown'
puma (7.2.0) lib/puma/request.rb:102:in 'Puma::Request#handle_request'
puma (7.2.0) lib/puma/server.rb:503:in 'Puma::Server#process_client'
puma (7.2.0) lib/puma/server.rb:262:in 'block in Puma::Server#run'
puma (7.2.0) lib/puma/thread_pool.rb:182:in 'block in Puma::ThreadPool#spawn_thread'
  [1m[36mActiveRecord::SchemaMigration Load (0.6ms)[0m  [1m[34mSELECT "schema_migrations"."version" FROM "schema_migrations" ORDER BY "schema_migrations"."version" ASC[0m
  
ActiveRecord::PendingMigrationError (

Migrations are pending. To resolve this issue, run:

        bin/rails db:migrate

You have 7 pending migrations:

db/migrate/20260101000000_create_users.rb
db/migrate/20260101000100_create_projects.rb
db/migrate/20260101000200_create_project_memberships.rb
db/migrate/20260101000300_create_project_threads.rb
db/migrate/20260101000400_create_messages.rb
db/migrate/20260101000500_create_attachments.rb
db/migrate/20260101000600_create_active_storage_tables.rb


):
  
activerecord (7.2.3) lib/active_record/migration.rb:756:in 'ActiveRecord::Migration.check_pending_migrations'
activerecord (7.2.3) lib/active_record/migration.rb:663:in 'block (2 levels) in ActiveRecord::Migration::CheckPending#call'
activesupport (7.2.3) lib/active_support/file_update_checker.rb:85:in 'ActiveSupport::FileUpdateChecker#execute'
activerecord (7.2.3) lib/active_record/migration.rb:668:in 'block in ActiveRecord::Migration::CheckPending#call'
activerecord (7.2.3) lib/active_record/migration.rb:660:in 'Thread::Mutex#synchronize'
activerecord (7.2.3) lib/active_record/migration.rb:660:in 'ActiveRecord::Migration::CheckPending#call'
actionpack (7.2.3) lib/action_dispatch/middleware/callbacks.rb:31:in 'block in ActionDispatch::Callbacks#call'
activesupport (7.2.3) lib/active_support/callbacks.rb:101:in 'ActiveSupport::Callbacks#run_callbacks'
actionpack (7.2.3) lib/action_dispatch/middleware/callbacks.rb:30:in 'ActionDispatch::Callbacks#call'
actionpack (7.2.3) lib/action_dispatch/middleware/executor.rb:16:in 'ActionDispatch::Executor#call'
actionpack (7.2.3) lib/action_dispatch/middleware/actionable_exceptions.rb:18:in 'ActionDispatch::ActionableExceptions#call'
actionpack (7.2.3) lib/action_dispatch/middleware/debug_exceptions.rb:31:in 'ActionDispatch::DebugExceptions#call'
web-console (4.2.1) lib/web_console/middleware.rb:132:in 'WebConsole::Middleware#call_app'
web-console (4.2.1) lib/web_console/middleware.rb:28:in 'block in WebConsole::Middleware#call'
web-console (4.2.1) lib/web_console/middleware.rb:17:in 'Kernel#catch'
web-console (4.2.1) lib/web_console/middleware.rb:17:in 'WebConsole::Middleware#call'
actionpack (7.2.3) lib/action_dispatch/middleware/show_exceptions.rb:32:in 'ActionDispatch::ShowExceptions#call'
railties (7.2.3) lib/rails/rack/logger.rb:41:in 'Rails::Rack::Logger#call_app'
railties (7.2.3) lib/rails/rack/logger.rb:29:in 'Rails::Rack::Logger#call'
sprockets-rails (3.5.2) lib/sprockets/rails/quiet_assets.rb:17:in 'Sprockets::Rails::QuietAssets#call'
actionpack (7.2.3) lib/action_dispatch/middleware/remote_ip.rb:96:in 'ActionDispatch::RemoteIp#call'
actionpack (7.2.3) lib/action_dispatch/middleware/request_id.rb:33:in 'ActionDispatch::RequestId#call'
rack (3.2.5) lib/rack/method_override.rb:28:in 'Rack::MethodOverride#call'
rack (3.2.5) lib/rack/runtime.rb:24:in 'Rack::Runtime#call'
activesupport (7.2.3) lib/active_support/cache/strategy/local_cache_middleware.rb:29:in 'ActiveSupport::Cache::Strategy::LocalCache::Middleware#call'
actionpack (7.2.3) lib/action_dispatch/middleware/server_timing.rb:61:in 'block in ActionDispatch::ServerTiming#call'
actionpack (7.2.3) lib/action_dispatch/middleware/server_timing.rb:26:in 'ActionDispatch::ServerTiming::Subscriber#collect_events'
actionpack (7.2.3) lib/action_dispatch/middleware/server_timing.rb:60:in 'ActionDispatch::ServerTiming#call'
actionpack (7.2.3) lib/action_dispatch/middleware/executor.rb:16:in 'ActionDispatch::Executor#call'
actionpack (7.2.3) lib/action_dispatch/middleware/static.rb:27:in 'ActionDispatch::Static#call'
rack (3.2.5) lib/rack/sendfile.rb:131:in 'Rack::Sendfile#call'
actionpack (7.2.3) lib/action_dispatch/middleware/host_authorization.rb:143:in 'ActionDispatch::HostAuthorization#call'
railties (7.2.3) lib/rails/engine.rb:535:in 'Rails::Engine#call'
puma (7.2.0) lib/puma/configuration.rb:296:in 'Puma::Configuration::ConfigMiddleware#call'
puma (7.2.0) lib/puma/request.rb:103:in 'block in Puma::Request#handle_request'
puma (7.2.0) lib/puma/thread_pool.rb:355:in 'Puma::ThreadPool#with_force_shutdown'
puma (7.2.0) lib/puma/request.rb:102:in 'Puma::Request#handle_request'
puma (7.2.0) lib/puma/server.rb:503:in 'Puma::Server#process_client'
puma (7.2.0) lib/puma/server.rb:262:in 'block in Puma::Server#run'
puma (7.2.0) lib/puma/thread_pool.rb:182:in 'block in Puma::ThreadPool#spawn_thread'
Started GET "/favicon.ico" for ::1 at 2026-03-27 13:15:08 +0100
  [1m[36mActiveRecord::SchemaMigration Load (2.0ms)[0m  [1m[34mSELECT "schema_migrations"."version" FROM "schema_migrations" ORDER BY "schema_migrations"."version" ASC[0m
  
ActiveRecord::PendingMigrationError (

Migrations are pending. To resolve this issue, run:

        bin/rails db:migrate

You have 7 pending migrations:

db/migrate/20260101000000_create_users.rb
db/migrate/20260101000100_create_projects.rb
db/migrate/20260101000200_create_project_memberships.rb
db/migrate/20260101000300_create_project_threads.rb
db/migrate/20260101000400_create_messages.rb
db/migrate/20260101000500_create_attachments.rb
db/migrate/20260101000600_create_active_storage_tables.rb


):
  
activerecord (7.2.3) lib/active_record/migration.rb:756:in 'ActiveRecord::Migration.check_pending_migrations'
activerecord (7.2.3) lib/active_record/migration.rb:663:in 'block (2 levels) in ActiveRecord::Migration::CheckPending#call'
activesupport (7.2.3) lib/active_support/file_update_checker.rb:85:in 'ActiveSupport::FileUpdateChecker#execute'
activerecord (7.2.3) lib/active_record/migration.rb:668:in 'block in ActiveRecord::Migration::CheckPending#call'
activerecord (7.2.3) lib/active_record/migration.rb:660:in 'Thread::Mutex#synchronize'
activerecord (7.2.3) lib/active_record/migration.rb:660:in 'ActiveRecord::Migration::CheckPending#call'
actionpack (7.2.3) lib/action_dispatch/middleware/callbacks.rb:31:in 'block in ActionDispatch::Callbacks#call'
activesupport (7.2.3) lib/active_support/callbacks.rb:101:in 'ActiveSupport::Callbacks#run_callbacks'
actionpack (7.2.3) lib/action_dispatch/middleware/callbacks.rb:30:in 'ActionDispatch::Callbacks#call'
actionpack (7.2.3) lib/action_dispatch/middleware/executor.rb:16:in 'ActionDispatch::Executor#call'
actionpack (7.2.3) lib/action_dispatch/middleware/actionable_exceptions.rb:18:in 'ActionDispatch::ActionableExceptions#call'
actionpack (7.2.3) lib/action_dispatch/middleware/debug_exceptions.rb:31:in 'ActionDispatch::DebugExceptions#call'
web-console (4.2.1) lib/web_console/middleware.rb:132:in 'WebConsole::Middleware#call_app'
web-console (4.2.1) lib/web_console/middleware.rb:28:in 'block in WebConsole::Middleware#call'
web-console (4.2.1) lib/web_console/middleware.rb:17:in 'Kernel#catch'
web-console (4.2.1) lib/web_console/middleware.rb:17:in 'WebConsole::Middleware#call'
actionpack (7.2.3) lib/action_dispatch/middleware/show_exceptions.rb:32:in 'ActionDispatch::ShowExceptions#call'
railties (7.2.3) lib/rails/rack/logger.rb:41:in 'Rails::Rack::Logger#call_app'
railties (7.2.3) lib/rails/rack/logger.rb:29:in 'Rails::Rack::Logger#call'
sprockets-rails (3.5.2) lib/sprockets/rails/quiet_assets.rb:17:in 'Sprockets::Rails::QuietAssets#call'
actionpack (7.2.3) lib/action_dispatch/middleware/remote_ip.rb:96:in 'ActionDispatch::RemoteIp#call'
actionpack (7.2.3) lib/action_dispatch/middleware/request_id.rb:33:in 'ActionDispatch::RequestId#call'
rack (3.2.5) lib/rack/method_override.rb:28:in 'Rack::MethodOverride#call'
rack (3.2.5) lib/rack/runtime.rb:24:in 'Rack::Runtime#call'
activesupport (7.2.3) lib/active_support/cache/strategy/local_cache_middleware.rb:29:in 'ActiveSupport::Cache::Strategy::LocalCache::Middleware#call'
actionpack (7.2.3) lib/action_dispatch/middleware/server_timing.rb:61:in 'block in ActionDispatch::ServerTiming#call'
actionpack (7.2.3) lib/action_dispatch/middleware/server_timing.rb:26:in 'ActionDispatch::ServerTiming::Subscriber#collect_events'
actionpack (7.2.3) lib/action_dispatch/middleware/server_timing.rb:60:in 'ActionDispatch::ServerTiming#call'
actionpack (7.2.3) lib/action_dispatch/middleware/executor.rb:16:in 'ActionDispatch::Executor#call'
actionpack (7.2.3) lib/action_dispatch/middleware/static.rb:27:in 'ActionDispatch::Static#call'
rack (3.2.5) lib/rack/sendfile.rb:131:in 'Rack::Sendfile#call'
actionpack (7.2.3) lib/action_dispatch/middleware/host_authorization.rb:143:in 'ActionDispatch::HostAuthorization#call'
railties (7.2.3) lib/rails/engine.rb:535:in 'Rails::Engine#call'
puma (7.2.0) lib/puma/configuration.rb:296:in 'Puma::Configuration::ConfigMiddleware#call'
puma (7.2.0) lib/puma/request.rb:103:in 'block in Puma::Request#handle_request'
puma (7.2.0) lib/puma/thread_pool.rb:355:in 'Puma::ThreadPool#with_force_shutdown'
puma (7.2.0) lib/puma/request.rb:102:in 'Puma::Request#handle_request'
puma (7.2.0) lib/puma/server.rb:503:in 'Puma::Server#process_client'
puma (7.2.0) lib/puma/server.rb:262:in 'block in Puma::Server#run'
puma (7.2.0) lib/puma/thread_pool.rb:182:in 'block in Puma::ThreadPool#spawn_thread'
Started GET "/favicon.ico" for ::1 at 2026-03-27 13:15:09 +0100
  [1m[36mActiveRecord::SchemaMigration Load (0.4ms)[0m  [1m[34mSELECT "schema_migrations"."version" FROM "schema_migrations" ORDER BY "schema_migrations"."version" ASC[0m
  
ActiveRecord::PendingMigrationError (

Migrations are pending. To resolve this issue, run:

        bin/rails db:migrate

You have 7 pending migrations:

db/migrate/20260101000000_create_users.rb
db/migrate/20260101000100_create_projects.rb
db/migrate/20260101000200_create_project_memberships.rb
db/migrate/20260101000300_create_project_threads.rb
db/migrate/20260101000400_create_messages.rb
db/migrate/20260101000500_create_attachments.rb
db/migrate/20260101000600_create_active_storage_tables.rb


):
  
activerecord (7.2.3) lib/active_record/migration.rb:756:in 'ActiveRecord::Migration.check_pending_migrations'
activerecord (7.2.3) lib/active_record/migration.rb:663:in 'block (2 levels) in ActiveRecord::Migration::CheckPending#call'
activesupport (7.2.3) lib/active_support/file_update_checker.rb:85:in 'ActiveSupport::FileUpdateChecker#execute'
activerecord (7.2.3) lib/active_record/migration.rb:668:in 'block in ActiveRecord::Migration::CheckPending#call'
activerecord (7.2.3) lib/active_record/migration.rb:660:in 'Thread::Mutex#synchronize'
activerecord (7.2.3) lib/active_record/migration.rb:660:in 'ActiveRecord::Migration::CheckPending#call'
actionpack (7.2.3) lib/action_dispatch/middleware/callbacks.rb:31:in 'block in ActionDispatch::Callbacks#call'
activesupport (7.2.3) lib/active_support/callbacks.rb:101:in 'ActiveSupport::Callbacks#run_callbacks'
actionpack (7.2.3) lib/action_dispatch/middleware/callbacks.rb:30:in 'ActionDispatch::Callbacks#call'
actionpack (7.2.3) lib/action_dispatch/middleware/executor.rb:16:in 'ActionDispatch::Executor#call'
actionpack (7.2.3) lib/action_dispatch/middleware/actionable_exceptions.rb:18:in 'ActionDispatch::ActionableExceptions#call'
actionpack (7.2.3) lib/action_dispatch/middleware/debug_exceptions.rb:31:in 'ActionDispatch::DebugExceptions#call'
web-console (4.2.1) lib/web_console/middleware.rb:132:in 'WebConsole::Middleware#call_app'
web-console (4.2.1) lib/web_console/middleware.rb:28:in 'block in WebConsole::Middleware#call'
web-console (4.2.1) lib/web_console/middleware.rb:17:in 'Kernel#catch'
web-console (4.2.1) lib/web_console/middleware.rb:17:in 'WebConsole::Middleware#call'
actionpack (7.2.3) lib/action_dispatch/middleware/show_exceptions.rb:32:in 'ActionDispatch::ShowExceptions#call'
railties (7.2.3) lib/rails/rack/logger.rb:41:in 'Rails::Rack::Logger#call_app'
railties (7.2.3) lib/rails/rack/logger.rb:29:in 'Rails::Rack::Logger#call'
sprockets-rails (3.5.2) lib/sprockets/rails/quiet_assets.rb:17:in 'Sprockets::Rails::QuietAssets#call'
actionpack (7.2.3) lib/action_dispatch/middleware/remote_ip.rb:96:in 'ActionDispatch::RemoteIp#call'
actionpack (7.2.3) lib/action_dispatch/middleware/request_id.rb:33:in 'ActionDispatch::RequestId#call'
rack (3.2.5) lib/rack/method_override.rb:28:in 'Rack::MethodOverride#call'
rack (3.2.5) lib/rack/runtime.rb:24:in 'Rack::Runtime#call'
activesupport (7.2.3) lib/active_support/cache/strategy/local_cache_middleware.rb:29:in 'ActiveSupport::Cache::Strategy::LocalCache::Middleware#call'
actionpack (7.2.3) lib/action_dispatch/middleware/server_timing.rb:61:in 'block in ActionDispatch::ServerTiming#call'
actionpack (7.2.3) lib/action_dispatch/middleware/server_timing.rb:26:in 'ActionDispatch::ServerTiming::Subscriber#collect_events'
actionpack (7.2.3) lib/action_dispatch/middleware/server_timing.rb:60:in 'ActionDispatch::ServerTiming#call'
actionpack (7.2.3) lib/action_dispatch/middleware/executor.rb:16:in 'ActionDispatch::Executor#call'
actionpack (7.2.3) lib/action_dispatch/middleware/static.rb:27:in 'ActionDispatch::Static#call'
rack (3.2.5) lib/rack/sendfile.rb:131:in 'Rack::Sendfile#call'
actionpack (7.2.3) lib/action_dispatch/middleware/host_authorization.rb:143:in 'ActionDispatch::HostAuthorization#call'
railties (7.2.3) lib/rails/engine.rb:535:in 'Rails::Engine#call'
puma (7.2.0) lib/puma/configuration.rb:296:in 'Puma::Configuration::ConfigMiddleware#call'
puma (7.2.0) lib/puma/request.rb:103:in 'block in Puma::Request#handle_request'
puma (7.2.0) lib/puma/thread_pool.rb:355:in 'Puma::ThreadPool#with_force_shutdown'
puma (7.2.0) lib/puma/request.rb:102:in 'Puma::Request#handle_request'
puma (7.2.0) lib/puma/server.rb:503:in 'Puma::Server#process_client'
puma (7.2.0) lib/puma/server.rb:262:in 'block in Puma::Server#run'
puma (7.2.0) lib/puma/thread_pool.rb:182:in 'block in Puma::ThreadPool#spawn_thread'
Started GET "/favicon.ico" for ::1 at 2026-03-27 13:15:10 +0100
  [1m[36mActiveRecord::SchemaMigration Load (0.4ms)[0m  [1m[34mSELECT "schema_migrations"."version" FROM "schema_migrations" ORDER BY "schema_migrations"."version" ASC[0m
  
ActiveRecord::PendingMigrationError (

Migrations are pending. To resolve this issue, run:

        bin/rails db:migrate

You have 7 pending migrations:

db/migrate/20260101000000_create_users.rb
db/migrate/20260101000100_create_projects.rb
db/migrate/20260101000200_create_project_memberships.rb
db/migrate/20260101000300_create_project_threads.rb
db/migrate/20260101000400_create_messages.rb
db/migrate/20260101000500_create_attachments.rb
db/migrate/20260101000600_create_active_storage_tables.rb


):
  
activerecord (7.2.3) lib/active_record/migration.rb:756:in 'ActiveRecord::Migration.check_pending_migrations'
activerecord (7.2.3) lib/active_record/migration.rb:663:in 'block (2 levels) in ActiveRecord::Migration::CheckPending#call'
activesupport (7.2.3) lib/active_support/file_update_checker.rb:85:in 'ActiveSupport::FileUpdateChecker#execute'
activerecord (7.2.3) lib/active_record/migration.rb:668:in 'block in ActiveRecord::Migration::CheckPending#call'
activerecord (7.2.3) lib/active_record/migration.rb:660:in 'Thread::Mutex#synchronize'
activerecord (7.2.3) lib/active_record/migration.rb:660:in 'ActiveRecord::Migration::CheckPending#call'
actionpack (7.2.3) lib/action_dispatch/middleware/callbacks.rb:31:in 'block in ActionDispatch::Callbacks#call'
activesupport (7.2.3) lib/active_support/callbacks.rb:101:in 'ActiveSupport::Callbacks#run_callbacks'
actionpack (7.2.3) lib/action_dispatch/middleware/callbacks.rb:30:in 'ActionDispatch::Callbacks#call'
actionpack (7.2.3) lib/action_dispatch/middleware/executor.rb:16:in 'ActionDispatch::Executor#call'
actionpack (7.2.3) lib/action_dispatch/middleware/actionable_exceptions.rb:18:in 'ActionDispatch::ActionableExceptions#call'
actionpack (7.2.3) lib/action_dispatch/middleware/debug_exceptions.rb:31:in 'ActionDispatch::DebugExceptions#call'
web-console (4.2.1) lib/web_console/middleware.rb:132:in 'WebConsole::Middleware#call_app'
web-console (4.2.1) lib/web_console/middleware.rb:28:in 'block in WebConsole::Middleware#call'
web-console (4.2.1) lib/web_console/middleware.rb:17:in 'Kernel#catch'
web-console (4.2.1) lib/web_console/middleware.rb:17:in 'WebConsole::Middleware#call'
actionpack (7.2.3) lib/action_dispatch/middleware/show_exceptions.rb:32:in 'ActionDispatch::ShowExceptions#call'
railties (7.2.3) lib/rails/rack/logger.rb:41:in 'Rails::Rack::Logger#call_app'
railties (7.2.3) lib/rails/rack/logger.rb:29:in 'Rails::Rack::Logger#call'
sprockets-rails (3.5.2) lib/sprockets/rails/quiet_assets.rb:17:in 'Sprockets::Rails::QuietAssets#call'
actionpack (7.2.3) lib/action_dispatch/middleware/remote_ip.rb:96:in 'ActionDispatch::RemoteIp#call'
actionpack (7.2.3) lib/action_dispatch/middleware/request_id.rb:33:in 'ActionDispatch::RequestId#call'
rack (3.2.5) lib/rack/method_override.rb:28:in 'Rack::MethodOverride#call'
rack (3.2.5) lib/rack/runtime.rb:24:in 'Rack::Runtime#call'
activesupport (7.2.3) lib/active_support/cache/strategy/local_cache_middleware.rb:29:in 'ActiveSupport::Cache::Strategy::LocalCache::Middleware#call'
actionpack (7.2.3) lib/action_dispatch/middleware/server_timing.rb:61:in 'block in ActionDispatch::ServerTiming#call'
actionpack (7.2.3) lib/action_dispatch/middleware/server_timing.rb:26:in 'ActionDispatch::ServerTiming::Subscriber#collect_events'
actionpack (7.2.3) lib/action_dispatch/middleware/server_timing.rb:60:in 'ActionDispatch::ServerTiming#call'
actionpack (7.2.3) lib/action_dispatch/middleware/executor.rb:16:in 'ActionDispatch::Executor#call'
actionpack (7.2.3) lib/action_dispatch/middleware/static.rb:27:in 'ActionDispatch::Static#call'
rack (3.2.5) lib/rack/sendfile.rb:131:in 'Rack::Sendfile#call'
actionpack (7.2.3) lib/action_dispatch/middleware/host_authorization.rb:143:in 'ActionDispatch::HostAuthorization#call'
railties (7.2.3) lib/rails/engine.rb:535:in 'Rails::Engine#call'
puma (7.2.0) lib/puma/configuration.rb:296:in 'Puma::Configuration::ConfigMiddleware#call'
puma (7.2.0) lib/puma/request.rb:103:in 'block in Puma::Request#handle_request'
puma (7.2.0) lib/puma/thread_pool.rb:355:in 'Puma::ThreadPool#with_force_shutdown'
puma (7.2.0) lib/puma/request.rb:102:in 'Puma::Request#handle_request'
puma (7.2.0) lib/puma/server.rb:503:in 'Puma::Server#process_client'
puma (7.2.0) lib/puma/server.rb:262:in 'block in Puma::Server#run'
puma (7.2.0) lib/puma/thread_pool.rb:182:in 'block in Puma::ThreadPool#spawn_thread'
Started GET "/" for ::1 at 2026-03-27 13:15:18 +0100
  [1m[36mActiveRecord::SchemaMigration Load (0.4ms)[0m  [1m[34mSELECT "schema_migrations"."version" FROM "schema_migrations" ORDER BY "schema_migrations"."version" ASC[0m
  
ActiveRecord::PendingMigrationError (

Migrations are pending. To resolve this issue, run:

        bin/rails db:migrate

You have 7 pending migrations:

db/migrate/20260101000000_create_users.rb
db/migrate/20260101000100_create_projects.rb
db/migrate/20260101000200_create_project_memberships.rb
db/migrate/20260101000300_create_project_threads.rb
db/migrate/20260101000400_create_messages.rb
db/migrate/20260101000500_create_attachments.rb
db/migrate/20260101000600_create_active_storage_tables.rb


):
  
activerecord (7.2.3) lib/active_record/migration.rb:756:in 'ActiveRecord::Migration.check_pending_migrations'
activerecord (7.2.3) lib/active_record/migration.rb:663:in 'block (2 levels) in ActiveRecord::Migration::CheckPending#call'
activesupport (7.2.3) lib/active_support/file_update_checker.rb:85:in 'ActiveSupport::FileUpdateChecker#execute'
activerecord (7.2.3) lib/active_record/migration.rb:668:in 'block in ActiveRecord::Migration::CheckPending#call'
activerecord (7.2.3) lib/active_record/migration.rb:660:in 'Thread::Mutex#synchronize'
activerecord (7.2.3) lib/active_record/migration.rb:660:in 'ActiveRecord::Migration::CheckPending#call'
actionpack (7.2.3) lib/action_dispatch/middleware/callbacks.rb:31:in 'block in ActionDispatch::Callbacks#call'
activesupport (7.2.3) lib/active_support/callbacks.rb:101:in 'ActiveSupport::Callbacks#run_callbacks'
actionpack (7.2.3) lib/action_dispatch/middleware/callbacks.rb:30:in 'ActionDispatch::Callbacks#call'
actionpack (7.2.3) lib/action_dispatch/middleware/executor.rb:16:in 'ActionDispatch::Executor#call'
actionpack (7.2.3) lib/action_dispatch/middleware/actionable_exceptions.rb:18:in 'ActionDispatch::ActionableExceptions#call'
actionpack (7.2.3) lib/action_dispatch/middleware/debug_exceptions.rb:31:in 'ActionDispatch::DebugExceptions#call'
web-console (4.2.1) lib/web_console/middleware.rb:132:in 'WebConsole::Middleware#call_app'
web-console (4.2.1) lib/web_console/middleware.rb:28:in 'block in WebConsole::Middleware#call'
web-console (4.2.1) lib/web_console/middleware.rb:17:in 'Kernel#catch'
web-console (4.2.1) lib/web_console/middleware.rb:17:in 'WebConsole::Middleware#call'
actionpack (7.2.3) lib/action_dispatch/middleware/show_exceptions.rb:32:in 'ActionDispatch::ShowExceptions#call'
railties (7.2.3) lib/rails/rack/logger.rb:41:in 'Rails::Rack::Logger#call_app'
railties (7.2.3) lib/rails/rack/logger.rb:29:in 'Rails::Rack::Logger#call'
sprockets-rails (3.5.2) lib/sprockets/rails/quiet_assets.rb:17:in 'Sprockets::Rails::QuietAssets#call'
actionpack (7.2.3) lib/action_dispatch/middleware/remote_ip.rb:96:in 'ActionDispatch::RemoteIp#call'
actionpack (7.2.3) lib/action_dispatch/middleware/request_id.rb:33:in 'ActionDispatch::RequestId#call'
rack (3.2.5) lib/rack/method_override.rb:28:in 'Rack::MethodOverride#call'
rack (3.2.5) lib/rack/runtime.rb:24:in 'Rack::Runtime#call'
activesupport (7.2.3) lib/active_support/cache/strategy/local_cache_middleware.rb:29:in 'ActiveSupport::Cache::Strategy::LocalCache::Middleware#call'
actionpack (7.2.3) lib/action_dispatch/middleware/server_timing.rb:61:in 'block in ActionDispatch::ServerTiming#call'
actionpack (7.2.3) lib/action_dispatch/middleware/server_timing.rb:26:in 'ActionDispatch::ServerTiming::Subscriber#collect_events'
actionpack (7.2.3) lib/action_dispatch/middleware/server_timing.rb:60:in 'ActionDispatch::ServerTiming#call'
actionpack (7.2.3) lib/action_dispatch/middleware/executor.rb:16:in 'ActionDispatch::Executor#call'
actionpack (7.2.3) lib/action_dispatch/middleware/static.rb:27:in 'ActionDispatch::Static#call'
rack (3.2.5) lib/rack/sendfile.rb:131:in 'Rack::Sendfile#call'
actionpack (7.2.3) lib/action_dispatch/middleware/host_authorization.rb:143:in 'ActionDispatch::HostAuthorization#call'
railties (7.2.3) lib/rails/engine.rb:535:in 'Rails::Engine#call'
puma (7.2.0) lib/puma/configuration.rb:296:in 'Puma::Configuration::ConfigMiddleware#call'
puma (7.2.0) lib/puma/request.rb:103:in 'block in Puma::Request#handle_request'
puma (7.2.0) lib/puma/thread_pool.rb:355:in 'Puma::ThreadPool#with_force_shutdown'
puma (7.2.0) lib/puma/request.rb:102:in 'Puma::Request#handle_request'
puma (7.2.0) lib/puma/server.rb:503:in 'Puma::Server#process_client'
puma (7.2.0) lib/puma/server.rb:262:in 'block in Puma::Server#run'
puma (7.2.0) lib/puma/thread_pool.rb:182:in 'block in Puma::ThreadPool#spawn_thread'
Started GET "/favicon.ico" for ::1 at 2026-03-27 13:15:19 +0100
  [1m[36mActiveRecord::SchemaMigration Load (0.4ms)[0m  [1m[34mSELECT "schema_migrations"."version" FROM "schema_migrations" ORDER BY "schema_migrations"."version" ASC[0m
  
ActiveRecord::PendingMigrationError (

Migrations are pending. To resolve this issue, run:

        bin/rails db:migrate

You have 7 pending migrations:

db/migrate/20260101000000_create_users.rb
db/migrate/20260101000100_create_projects.rb
db/migrate/20260101000200_create_project_memberships.rb
db/migrate/20260101000300_create_project_threads.rb
db/migrate/20260101000400_create_messages.rb
db/migrate/20260101000500_create_attachments.rb
db/migrate/20260101000600_create_active_storage_tables.rb


):
  
activerecord (7.2.3) lib/active_record/migration.rb:756:in 'ActiveRecord::Migration.check_pending_migrations'
activerecord (7.2.3) lib/active_record/migration.rb:663:in 'block (2 levels) in ActiveRecord::Migration::CheckPending#call'
activesupport (7.2.3) lib/active_support/file_update_checker.rb:85:in 'ActiveSupport::FileUpdateChecker#execute'
activerecord (7.2.3) lib/active_record/migration.rb:668:in 'block in ActiveRecord::Migration::CheckPending#call'
activerecord (7.2.3) lib/active_record/migration.rb:660:in 'Thread::Mutex#synchronize'
activerecord (7.2.3) lib/active_record/migration.rb:660:in 'ActiveRecord::Migration::CheckPending#call'
actionpack (7.2.3) lib/action_dispatch/middleware/callbacks.rb:31:in 'block in ActionDispatch::Callbacks#call'
activesupport (7.2.3) lib/active_support/callbacks.rb:101:in 'ActiveSupport::Callbacks#run_callbacks'
actionpack (7.2.3) lib/action_dispatch/middleware/callbacks.rb:30:in 'ActionDispatch::Callbacks#call'
actionpack (7.2.3) lib/action_dispatch/middleware/executor.rb:16:in 'ActionDispatch::Executor#call'
actionpack (7.2.3) lib/action_dispatch/middleware/actionable_exceptions.rb:18:in 'ActionDispatch::ActionableExceptions#call'
actionpack (7.2.3) lib/action_dispatch/middleware/debug_exceptions.rb:31:in 'ActionDispatch::DebugExceptions#call'
web-console (4.2.1) lib/web_console/middleware.rb:132:in 'WebConsole::Middleware#call_app'
web-console (4.2.1) lib/web_console/middleware.rb:28:in 'block in WebConsole::Middleware#call'
web-console (4.2.1) lib/web_console/middleware.rb:17:in 'Kernel#catch'
web-console (4.2.1) lib/web_console/middleware.rb:17:in 'WebConsole::Middleware#call'
actionpack (7.2.3) lib/action_dispatch/middleware/show_exceptions.rb:32:in 'ActionDispatch::ShowExceptions#call'
railties (7.2.3) lib/rails/rack/logger.rb:41:in 'Rails::Rack::Logger#call_app'
railties (7.2.3) lib/rails/rack/logger.rb:29:in 'Rails::Rack::Logger#call'
sprockets-rails (3.5.2) lib/sprockets/rails/quiet_assets.rb:17:in 'Sprockets::Rails::QuietAssets#call'
actionpack (7.2.3) lib/action_dispatch/middleware/remote_ip.rb:96:in 'ActionDispatch::RemoteIp#call'
actionpack (7.2.3) lib/action_dispatch/middleware/request_id.rb:33:in 'ActionDispatch::RequestId#call'
rack (3.2.5) lib/rack/method_override.rb:28:in 'Rack::MethodOverride#call'
rack (3.2.5) lib/rack/runtime.rb:24:in 'Rack::Runtime#call'
activesupport (7.2.3) lib/active_support/cache/strategy/local_cache_middleware.rb:29:in 'ActiveSupport::Cache::Strategy::LocalCache::Middleware#call'
actionpack (7.2.3) lib/action_dispatch/middleware/server_timing.rb:61:in 'block in ActionDispatch::ServerTiming#call'
actionpack (7.2.3) lib/action_dispatch/middleware/server_timing.rb:26:in 'ActionDispatch::ServerTiming::Subscriber#collect_events'
actionpack (7.2.3) lib/action_dispatch/middleware/server_timing.rb:60:in 'ActionDispatch::ServerTiming#call'
actionpack (7.2.3) lib/action_dispatch/middleware/executor.rb:16:in 'ActionDispatch::Executor#call'
actionpack (7.2.3) lib/action_dispatch/middleware/static.rb:27:in 'ActionDispatch::Static#call'
rack (3.2.5) lib/rack/sendfile.rb:131:in 'Rack::Sendfile#call'
actionpack (7.2.3) lib/action_dispatch/middleware/host_authorization.rb:143:in 'ActionDispatch::HostAuthorization#call'
railties (7.2.3) lib/rails/engine.rb:535:in 'Rails::Engine#call'
puma (7.2.0) lib/puma/configuration.rb:296:in 'Puma::Configuration::ConfigMiddleware#call'
puma (7.2.0) lib/puma/request.rb:103:in 'block in Puma::Request#handle_request'
puma (7.2.0) lib/puma/thread_pool.rb:355:in 'Puma::ThreadPool#with_force_shutdown'
puma (7.2.0) lib/puma/request.rb:102:in 'Puma::Request#handle_request'
puma (7.2.0) lib/puma/server.rb:503:in 'Puma::Server#process_client'
puma (7.2.0) lib/puma/server.rb:262:in 'block in Puma::Server#run'
puma (7.2.0) lib/puma/thread_pool.rb:182:in 'block in Puma::ThreadPool#spawn_thread'
Started GET "/" for ::1 at 2026-03-27 13:21:04 +0100
  [1m[36mActiveRecord::SchemaMigration Load (0.5ms)[0m  [1m[34mSELECT "schema_migrations"."version" FROM "schema_migrations" ORDER BY "schema_migrations"."version" ASC[0m
  
ActiveRecord::PendingMigrationError (

Migrations are pending. To resolve this issue, run:

        bin/rails db:migrate

You have 7 pending migrations:

db/migrate/20260101000000_create_users.rb
db/migrate/20260101000100_create_projects.rb
db/migrate/20260101000200_create_project_memberships.rb
db/migrate/20260101000300_create_project_threads.rb
db/migrate/20260101000400_create_messages.rb
db/migrate/20260101000500_create_attachments.rb
db/migrate/20260101000600_create_active_storage_tables.rb


):
  
activerecord (7.2.3) lib/active_record/migration.rb:756:in 'ActiveRecord::Migration.check_pending_migrations'
activerecord (7.2.3) lib/active_record/migration.rb:663:in 'block (2 levels) in ActiveRecord::Migration::CheckPending#call'
activesupport (7.2.3) lib/active_support/file_update_checker.rb:85:in 'ActiveSupport::FileUpdateChecker#execute'
activerecord (7.2.3) lib/active_record/migration.rb:668:in 'block in ActiveRecord::Migration::CheckPending#call'
activerecord (7.2.3) lib/active_record/migration.rb:660:in 'Thread::Mutex#synchronize'
activerecord (7.2.3) lib/active_record/migration.rb:660:in 'ActiveRecord::Migration::CheckPending#call'
actionpack (7.2.3) lib/action_dispatch/middleware/callbacks.rb:31:in 'block in ActionDispatch::Callbacks#call'
activesupport (7.2.3) lib/active_support/callbacks.rb:101:in 'ActiveSupport::Callbacks#run_callbacks'
actionpack (7.2.3) lib/action_dispatch/middleware/callbacks.rb:30:in 'ActionDispatch::Callbacks#call'
actionpack (7.2.3) lib/action_dispatch/middleware/executor.rb:16:in 'ActionDispatch::Executor#call'
actionpack (7.2.3) lib/action_dispatch/middleware/actionable_exceptions.rb:18:in 'ActionDispatch::ActionableExceptions#call'
actionpack (7.2.3) lib/action_dispatch/middleware/debug_exceptions.rb:31:in 'ActionDispatch::DebugExceptions#call'
web-console (4.2.1) lib/web_console/middleware.rb:132:in 'WebConsole::Middleware#call_app'
web-console (4.2.1) lib/web_console/middleware.rb:28:in 'block in WebConsole::Middleware#call'
web-console (4.2.1) lib/web_console/middleware.rb:17:in 'Kernel#catch'
web-console (4.2.1) lib/web_console/middleware.rb:17:in 'WebConsole::Middleware#call'
actionpack (7.2.3) lib/action_dispatch/middleware/show_exceptions.rb:32:in 'ActionDispatch::ShowExceptions#call'
railties (7.2.3) lib/rails/rack/logger.rb:41:in 'Rails::Rack::Logger#call_app'
railties (7.2.3) lib/rails/rack/logger.rb:29:in 'Rails::Rack::Logger#call'
sprockets-rails (3.5.2) lib/sprockets/rails/quiet_assets.rb:17:in 'Sprockets::Rails::QuietAssets#call'
actionpack (7.2.3) lib/action_dispatch/middleware/remote_ip.rb:96:in 'ActionDispatch::RemoteIp#call'
actionpack (7.2.3) lib/action_dispatch/middleware/request_id.rb:33:in 'ActionDispatch::RequestId#call'
rack (3.2.5) lib/rack/method_override.rb:28:in 'Rack::MethodOverride#call'
rack (3.2.5) lib/rack/runtime.rb:24:in 'Rack::Runtime#call'
activesupport (7.2.3) lib/active_support/cache/strategy/local_cache_middleware.rb:29:in 'ActiveSupport::Cache::Strategy::LocalCache::Middleware#call'
actionpack (7.2.3) lib/action_dispatch/middleware/server_timing.rb:61:in 'block in ActionDispatch::ServerTiming#call'
actionpack (7.2.3) lib/action_dispatch/middleware/server_timing.rb:26:in 'ActionDispatch::ServerTiming::Subscriber#collect_events'
actionpack (7.2.3) lib/action_dispatch/middleware/server_timing.rb:60:in 'ActionDispatch::ServerTiming#call'
actionpack (7.2.3) lib/action_dispatch/middleware/executor.rb:16:in 'ActionDispatch::Executor#call'
actionpack (7.2.3) lib/action_dispatch/middleware/static.rb:27:in 'ActionDispatch::Static#call'
rack (3.2.5) lib/rack/sendfile.rb:131:in 'Rack::Sendfile#call'
actionpack (7.2.3) lib/action_dispatch/middleware/host_authorization.rb:143:in 'ActionDispatch::HostAuthorization#call'
railties (7.2.3) lib/rails/engine.rb:535:in 'Rails::Engine#call'
puma (7.2.0) lib/puma/configuration.rb:296:in 'Puma::Configuration::ConfigMiddleware#call'
puma (7.2.0) lib/puma/request.rb:103:in 'block in Puma::Request#handle_request'
puma (7.2.0) lib/puma/thread_pool.rb:355:in 'Puma::ThreadPool#with_force_shutdown'
puma (7.2.0) lib/puma/request.rb:102:in 'Puma::Request#handle_request'
puma (7.2.0) lib/puma/server.rb:503:in 'Puma::Server#process_client'
puma (7.2.0) lib/puma/server.rb:262:in 'block in Puma::Server#run'
puma (7.2.0) lib/puma/thread_pool.rb:182:in 'block in Puma::ThreadPool#spawn_thread'
Started GET "/" for ::1 at 2026-03-27 13:21:05 +0100
  [1m[36mActiveRecord::SchemaMigration Load (0.5ms)[0m  [1m[34mSELECT "schema_migrations"."version" FROM "schema_migrations" ORDER BY "schema_migrations"."version" ASC[0m
  
ActiveRecord::PendingMigrationError (

Migrations are pending. To resolve this issue, run:

        bin/rails db:migrate

You have 7 pending migrations:

db/migrate/20260101000000_create_users.rb
db/migrate/20260101000100_create_projects.rb
db/migrate/20260101000200_create_project_memberships.rb
db/migrate/20260101000300_create_project_threads.rb
db/migrate/20260101000400_create_messages.rb
db/migrate/20260101000500_create_attachments.rb
db/migrate/20260101000600_create_active_storage_tables.rb


):
  
activerecord (7.2.3) lib/active_record/migration.rb:756:in 'ActiveRecord::Migration.check_pending_migrations'
activerecord (7.2.3) lib/active_record/migration.rb:663:in 'block (2 levels) in ActiveRecord::Migration::CheckPending#call'
activesupport (7.2.3) lib/active_support/file_update_checker.rb:85:in 'ActiveSupport::FileUpdateChecker#execute'
activerecord (7.2.3) lib/active_record/migration.rb:668:in 'block in ActiveRecord::Migration::CheckPending#call'
activerecord (7.2.3) lib/active_record/migration.rb:660:in 'Thread::Mutex#synchronize'
activerecord (7.2.3) lib/active_record/migration.rb:660:in 'ActiveRecord::Migration::CheckPending#call'
actionpack (7.2.3) lib/action_dispatch/middleware/callbacks.rb:31:in 'block in ActionDispatch::Callbacks#call'
activesupport (7.2.3) lib/active_support/callbacks.rb:101:in 'ActiveSupport::Callbacks#run_callbacks'
actionpack (7.2.3) lib/action_dispatch/middleware/callbacks.rb:30:in 'ActionDispatch::Callbacks#call'
actionpack (7.2.3) lib/action_dispatch/middleware/executor.rb:16:in 'ActionDispatch::Executor#call'
actionpack (7.2.3) lib/action_dispatch/middleware/actionable_exceptions.rb:18:in 'ActionDispatch::ActionableExceptions#call'
actionpack (7.2.3) lib/action_dispatch/middleware/debug_exceptions.rb:31:in 'ActionDispatch::DebugExceptions#call'
web-console (4.2.1) lib/web_console/middleware.rb:132:in 'WebConsole::Middleware#call_app'
web-console (4.2.1) lib/web_console/middleware.rb:28:in 'block in WebConsole::Middleware#call'
web-console (4.2.1) lib/web_console/middleware.rb:17:in 'Kernel#catch'
web-console (4.2.1) lib/web_console/middleware.rb:17:in 'WebConsole::Middleware#call'
actionpack (7.2.3) lib/action_dispatch/middleware/show_exceptions.rb:32:in 'ActionDispatch::ShowExceptions#call'
railties (7.2.3) lib/rails/rack/logger.rb:41:in 'Rails::Rack::Logger#call_app'
railties (7.2.3) lib/rails/rack/logger.rb:29:in 'Rails::Rack::Logger#call'
sprockets-rails (3.5.2) lib/sprockets/rails/quiet_assets.rb:17:in 'Sprockets::Rails::QuietAssets#call'
actionpack (7.2.3) lib/action_dispatch/middleware/remote_ip.rb:96:in 'ActionDispatch::RemoteIp#call'
actionpack (7.2.3) lib/action_dispatch/middleware/request_id.rb:33:in 'ActionDispatch::RequestId#call'
rack (3.2.5) lib/rack/method_override.rb:28:in 'Rack::MethodOverride#call'
rack (3.2.5) lib/rack/runtime.rb:24:in 'Rack::Runtime#call'
activesupport (7.2.3) lib/active_support/cache/strategy/local_cache_middleware.rb:29:in 'ActiveSupport::Cache::Strategy::LocalCache::Middleware#call'
actionpack (7.2.3) lib/action_dispatch/middleware/server_timing.rb:61:in 'block in ActionDispatch::ServerTiming#call'
actionpack (7.2.3) lib/action_dispatch/middleware/server_timing.rb:26:in 'ActionDispatch::ServerTiming::Subscriber#collect_events'
actionpack (7.2.3) lib/action_dispatch/middleware/server_timing.rb:60:in 'ActionDispatch::ServerTiming#call'
actionpack (7.2.3) lib/action_dispatch/middleware/executor.rb:16:in 'ActionDispatch::Executor#call'
actionpack (7.2.3) lib/action_dispatch/middleware/static.rb:27:in 'ActionDispatch::Static#call'
rack (3.2.5) lib/rack/sendfile.rb:131:in 'Rack::Sendfile#call'
actionpack (7.2.3) lib/action_dispatch/middleware/host_authorization.rb:143:in 'ActionDispatch::HostAuthorization#call'
railties (7.2.3) lib/rails/engine.rb:535:in 'Rails::Engine#call'
puma (7.2.0) lib/puma/configuration.rb:296:in 'Puma::Configuration::ConfigMiddleware#call'
puma (7.2.0) lib/puma/request.rb:103:in 'block in Puma::Request#handle_request'
puma (7.2.0) lib/puma/thread_pool.rb:355:in 'Puma::ThreadPool#with_force_shutdown'
puma (7.2.0) lib/puma/request.rb:102:in 'Puma::Request#handle_request'
puma (7.2.0) lib/puma/server.rb:503:in 'Puma::Server#process_client'
puma (7.2.0) lib/puma/server.rb:262:in 'block in Puma::Server#run'
puma (7.2.0) lib/puma/thread_pool.rb:182:in 'block in Puma::ThreadPool#spawn_thread'
Started GET "/favicon.ico" for ::1 at 2026-03-27 13:21:07 +0100
  [1m[36mActiveRecord::SchemaMigration Load (0.5ms)[0m  [1m[34mSELECT "schema_migrations"."version" FROM "schema_migrations" ORDER BY "schema_migrations"."version" ASC[0m
  
ActiveRecord::PendingMigrationError (

Migrations are pending. To resolve this issue, run:

        bin/rails db:migrate

You have 7 pending migrations:

db/migrate/20260101000000_create_users.rb
db/migrate/20260101000100_create_projects.rb
db/migrate/20260101000200_create_project_memberships.rb
db/migrate/20260101000300_create_project_threads.rb
db/migrate/20260101000400_create_messages.rb
db/migrate/20260101000500_create_attachments.rb
db/migrate/20260101000600_create_active_storage_tables.rb


):
  
activerecord (7.2.3) lib/active_record/migration.rb:756:in 'ActiveRecord::Migration.check_pending_migrations'
activerecord (7.2.3) lib/active_record/migration.rb:663:in 'block (2 levels) in ActiveRecord::Migration::CheckPending#call'
activesupport (7.2.3) lib/active_support/file_update_checker.rb:85:in 'ActiveSupport::FileUpdateChecker#execute'
activerecord (7.2.3) lib/active_record/migration.rb:668:in 'block in ActiveRecord::Migration::CheckPending#call'
activerecord (7.2.3) lib/active_record/migration.rb:660:in 'Thread::Mutex#synchronize'
activerecord (7.2.3) lib/active_record/migration.rb:660:in 'ActiveRecord::Migration::CheckPending#call'
actionpack (7.2.3) lib/action_dispatch/middleware/callbacks.rb:31:in 'block in ActionDispatch::Callbacks#call'
activesupport (7.2.3) lib/active_support/callbacks.rb:101:in 'ActiveSupport::Callbacks#run_callbacks'
actionpack (7.2.3) lib/action_dispatch/middleware/callbacks.rb:30:in 'ActionDispatch::Callbacks#call'
actionpack (7.2.3) lib/action_dispatch/middleware/executor.rb:16:in 'ActionDispatch::Executor#call'
actionpack (7.2.3) lib/action_dispatch/middleware/actionable_exceptions.rb:18:in 'ActionDispatch::ActionableExceptions#call'
actionpack (7.2.3) lib/action_dispatch/middleware/debug_exceptions.rb:31:in 'ActionDispatch::DebugExceptions#call'
web-console (4.2.1) lib/web_console/middleware.rb:132:in 'WebConsole::Middleware#call_app'
web-console (4.2.1) lib/web_console/middleware.rb:28:in 'block in WebConsole::Middleware#call'
web-console (4.2.1) lib/web_console/middleware.rb:17:in 'Kernel#catch'
web-console (4.2.1) lib/web_console/middleware.rb:17:in 'WebConsole::Middleware#call'
actionpack (7.2.3) lib/action_dispatch/middleware/show_exceptions.rb:32:in 'ActionDispatch::ShowExceptions#call'
railties (7.2.3) lib/rails/rack/logger.rb:41:in 'Rails::Rack::Logger#call_app'
railties (7.2.3) lib/rails/rack/logger.rb:29:in 'Rails::Rack::Logger#call'
sprockets-rails (3.5.2) lib/sprockets/rails/quiet_assets.rb:17:in 'Sprockets::Rails::QuietAssets#call'
actionpack (7.2.3) lib/action_dispatch/middleware/remote_ip.rb:96:in 'ActionDispatch::RemoteIp#call'
actionpack (7.2.3) lib/action_dispatch/middleware/request_id.rb:33:in 'ActionDispatch::RequestId#call'
rack (3.2.5) lib/rack/method_override.rb:28:in 'Rack::MethodOverride#call'
rack (3.2.5) lib/rack/runtime.rb:24:in 'Rack::Runtime#call'
activesupport (7.2.3) lib/active_support/cache/strategy/local_cache_middleware.rb:29:in 'ActiveSupport::Cache::Strategy::LocalCache::Middleware#call'
actionpack (7.2.3) lib/action_dispatch/middleware/server_timing.rb:61:in 'block in ActionDispatch::ServerTiming#call'
actionpack (7.2.3) lib/action_dispatch/middleware/server_timing.rb:26:in 'ActionDispatch::ServerTiming::Subscriber#collect_events'
actionpack (7.2.3) lib/action_dispatch/middleware/server_timing.rb:60:in 'ActionDispatch::ServerTiming#call'
actionpack (7.2.3) lib/action_dispatch/middleware/executor.rb:16:in 'ActionDispatch::Executor#call'
actionpack (7.2.3) lib/action_dispatch/middleware/static.rb:27:in 'ActionDispatch::Static#call'
rack (3.2.5) lib/rack/sendfile.rb:131:in 'Rack::Sendfile#call'
actionpack (7.2.3) lib/action_dispatch/middleware/host_authorization.rb:143:in 'ActionDispatch::HostAuthorization#call'
railties (7.2.3) lib/rails/engine.rb:535:in 'Rails::Engine#call'
puma (7.2.0) lib/puma/configuration.rb:296:in 'Puma::Configuration::ConfigMiddleware#call'
puma (7.2.0) lib/puma/request.rb:103:in 'block in Puma::Request#handle_request'
puma (7.2.0) lib/puma/thread_pool.rb:355:in 'Puma::ThreadPool#with_force_shutdown'
puma (7.2.0) lib/puma/request.rb:102:in 'Puma::Request#handle_request'
puma (7.2.0) lib/puma/server.rb:503:in 'Puma::Server#process_client'
puma (7.2.0) lib/puma/server.rb:262:in 'block in Puma::Server#run'
puma (7.2.0) lib/puma/thread_pool.rb:182:in 'block in Puma::ThreadPool#spawn_thread'
Started GET "/" for 127.0.0.1 at 2026-03-27 13:21:36 +0100
  [1m[36mActiveRecord::SchemaMigration Load (0.6ms)[0m  [1m[34mSELECT "schema_migrations"."version" FROM "schema_migrations" ORDER BY "schema_migrations"."version" ASC[0m
  
ActiveRecord::PendingMigrationError (

Migrations are pending. To resolve this issue, run:

        bin/rails db:migrate

You have 7 pending migrations:

db/migrate/20260101000000_create_users.rb
db/migrate/20260101000100_create_projects.rb
db/migrate/20260101000200_create_project_memberships.rb
db/migrate/20260101000300_create_project_threads.rb
db/migrate/20260101000400_create_messages.rb
db/migrate/20260101000500_create_attachments.rb
db/migrate/20260101000600_create_active_storage_tables.rb


):
  
activerecord (7.2.3) lib/active_record/migration.rb:756:in 'ActiveRecord::Migration.check_pending_migrations'
activerecord (7.2.3) lib/active_record/migration.rb:663:in 'block (2 levels) in ActiveRecord::Migration::CheckPending#call'
activesupport (7.2.3) lib/active_support/file_update_checker.rb:85:in 'ActiveSupport::FileUpdateChecker#execute'
activerecord (7.2.3) lib/active_record/migration.rb:668:in 'block in ActiveRecord::Migration::CheckPending#call'
activerecord (7.2.3) lib/active_record/migration.rb:660:in 'Thread::Mutex#synchronize'
activerecord (7.2.3) lib/active_record/migration.rb:660:in 'ActiveRecord::Migration::CheckPending#call'
actionpack (7.2.3) lib/action_dispatch/middleware/callbacks.rb:31:in 'block in ActionDispatch::Callbacks#call'
activesupport (7.2.3) lib/active_support/callbacks.rb:101:in 'ActiveSupport::Callbacks#run_callbacks'
actionpack (7.2.3) lib/action_dispatch/middleware/callbacks.rb:30:in 'ActionDispatch::Callbacks#call'
actionpack (7.2.3) lib/action_dispatch/middleware/executor.rb:16:in 'ActionDispatch::Executor#call'
actionpack (7.2.3) lib/action_dispatch/middleware/actionable_exceptions.rb:18:in 'ActionDispatch::ActionableExceptions#call'
actionpack (7.2.3) lib/action_dispatch/middleware/debug_exceptions.rb:31:in 'ActionDispatch::DebugExceptions#call'
web-console (4.2.1) lib/web_console/middleware.rb:132:in 'WebConsole::Middleware#call_app'
web-console (4.2.1) lib/web_console/middleware.rb:28:in 'block in WebConsole::Middleware#call'
web-console (4.2.1) lib/web_console/middleware.rb:17:in 'Kernel#catch'
web-console (4.2.1) lib/web_console/middleware.rb:17:in 'WebConsole::Middleware#call'
actionpack (7.2.3) lib/action_dispatch/middleware/show_exceptions.rb:32:in 'ActionDispatch::ShowExceptions#call'
railties (7.2.3) lib/rails/rack/logger.rb:41:in 'Rails::Rack::Logger#call_app'
railties (7.2.3) lib/rails/rack/logger.rb:29:in 'Rails::Rack::Logger#call'
sprockets-rails (3.5.2) lib/sprockets/rails/quiet_assets.rb:17:in 'Sprockets::Rails::QuietAssets#call'
actionpack (7.2.3) lib/action_dispatch/middleware/remote_ip.rb:96:in 'ActionDispatch::RemoteIp#call'
actionpack (7.2.3) lib/action_dispatch/middleware/request_id.rb:33:in 'ActionDispatch::RequestId#call'
rack (3.2.5) lib/rack/method_override.rb:28:in 'Rack::MethodOverride#call'
rack (3.2.5) lib/rack/runtime.rb:24:in 'Rack::Runtime#call'
activesupport (7.2.3) lib/active_support/cache/strategy/local_cache_middleware.rb:29:in 'ActiveSupport::Cache::Strategy::LocalCache::Middleware#call'
actionpack (7.2.3) lib/action_dispatch/middleware/server_timing.rb:61:in 'block in ActionDispatch::ServerTiming#call'
actionpack (7.2.3) lib/action_dispatch/middleware/server_timing.rb:26:in 'ActionDispatch::ServerTiming::Subscriber#collect_events'
actionpack (7.2.3) lib/action_dispatch/middleware/server_timing.rb:60:in 'ActionDispatch::ServerTiming#call'
actionpack (7.2.3) lib/action_dispatch/middleware/executor.rb:16:in 'ActionDispatch::Executor#call'
actionpack (7.2.3) lib/action_dispatch/middleware/static.rb:27:in 'ActionDispatch::Static#call'
rack (3.2.5) lib/rack/sendfile.rb:131:in 'Rack::Sendfile#call'
actionpack (7.2.3) lib/action_dispatch/middleware/host_authorization.rb:143:in 'ActionDispatch::HostAuthorization#call'
railties (7.2.3) lib/rails/engine.rb:535:in 'Rails::Engine#call'
puma (7.2.0) lib/puma/configuration.rb:296:in 'Puma::Configuration::ConfigMiddleware#call'
puma (7.2.0) lib/puma/request.rb:103:in 'block in Puma::Request#handle_request'
puma (7.2.0) lib/puma/thread_pool.rb:355:in 'Puma::ThreadPool#with_force_shutdown'
puma (7.2.0) lib/puma/request.rb:102:in 'Puma::Request#handle_request'
puma (7.2.0) lib/puma/server.rb:503:in 'Puma::Server#process_client'
puma (7.2.0) lib/puma/server.rb:262:in 'block in Puma::Server#run'
puma (7.2.0) lib/puma/thread_pool.rb:182:in 'block in Puma::ThreadPool#spawn_thread'
Started GET "/favicon.ico" for 127.0.0.1 at 2026-03-27 13:21:38 +0100
  [1m[36mActiveRecord::SchemaMigration Load (0.4ms)[0m  [1m[34mSELECT "schema_migrations"."version" FROM "schema_migrations" ORDER BY "schema_migrations"."version" ASC[0m
  
ActiveRecord::PendingMigrationError (

Migrations are pending. To resolve this issue, run:

        bin/rails db:migrate

You have 7 pending migrations:

db/migrate/20260101000000_create_users.rb
db/migrate/20260101000100_create_projects.rb
db/migrate/20260101000200_create_project_memberships.rb
db/migrate/20260101000300_create_project_threads.rb
db/migrate/20260101000400_create_messages.rb
db/migrate/20260101000500_create_attachments.rb
db/migrate/20260101000600_create_active_storage_tables.rb


):
  
activerecord (7.2.3) lib/active_record/migration.rb:756:in 'ActiveRecord::Migration.check_pending_migrations'
activerecord (7.2.3) lib/active_record/migration.rb:663:in 'block (2 levels) in ActiveRecord::Migration::CheckPending#call'
activesupport (7.2.3) lib/active_support/file_update_checker.rb:85:in 'ActiveSupport::FileUpdateChecker#execute'
activerecord (7.2.3) lib/active_record/migration.rb:668:in 'block in ActiveRecord::Migration::CheckPending#call'
activerecord (7.2.3) lib/active_record/migration.rb:660:in 'Thread::Mutex#synchronize'
activerecord (7.2.3) lib/active_record/migration.rb:660:in 'ActiveRecord::Migration::CheckPending#call'
actionpack (7.2.3) lib/action_dispatch/middleware/callbacks.rb:31:in 'block in ActionDispatch::Callbacks#call'
activesupport (7.2.3) lib/active_support/callbacks.rb:101:in 'ActiveSupport::Callbacks#run_callbacks'
actionpack (7.2.3) lib/action_dispatch/middleware/callbacks.rb:30:in 'ActionDispatch::Callbacks#call'
actionpack (7.2.3) lib/action_dispatch/middleware/executor.rb:16:in 'ActionDispatch::Executor#call'
actionpack (7.2.3) lib/action_dispatch/middleware/actionable_exceptions.rb:18:in 'ActionDispatch::ActionableExceptions#call'
actionpack (7.2.3) lib/action_dispatch/middleware/debug_exceptions.rb:31:in 'ActionDispatch::DebugExceptions#call'
web-console (4.2.1) lib/web_console/middleware.rb:132:in 'WebConsole::Middleware#call_app'
web-console (4.2.1) lib/web_console/middleware.rb:28:in 'block in WebConsole::Middleware#call'
web-console (4.2.1) lib/web_console/middleware.rb:17:in 'Kernel#catch'
web-console (4.2.1) lib/web_console/middleware.rb:17:in 'WebConsole::Middleware#call'
actionpack (7.2.3) lib/action_dispatch/middleware/show_exceptions.rb:32:in 'ActionDispatch::ShowExceptions#call'
railties (7.2.3) lib/rails/rack/logger.rb:41:in 'Rails::Rack::Logger#call_app'
railties (7.2.3) lib/rails/rack/logger.rb:29:in 'Rails::Rack::Logger#call'
sprockets-rails (3.5.2) lib/sprockets/rails/quiet_assets.rb:17:in 'Sprockets::Rails::QuietAssets#call'
actionpack (7.2.3) lib/action_dispatch/middleware/remote_ip.rb:96:in 'ActionDispatch::RemoteIp#call'
actionpack (7.2.3) lib/action_dispatch/middleware/request_id.rb:33:in 'ActionDispatch::RequestId#call'
rack (3.2.5) lib/rack/method_override.rb:28:in 'Rack::MethodOverride#call'
rack (3.2.5) lib/rack/runtime.rb:24:in 'Rack::Runtime#call'
activesupport (7.2.3) lib/active_support/cache/strategy/local_cache_middleware.rb:29:in 'ActiveSupport::Cache::Strategy::LocalCache::Middleware#call'
actionpack (7.2.3) lib/action_dispatch/middleware/server_timing.rb:61:in 'block in ActionDispatch::ServerTiming#call'
actionpack (7.2.3) lib/action_dispatch/middleware/server_timing.rb:26:in 'ActionDispatch::ServerTiming::Subscriber#collect_events'
actionpack (7.2.3) lib/action_dispatch/middleware/server_timing.rb:60:in 'ActionDispatch::ServerTiming#call'
actionpack (7.2.3) lib/action_dispatch/middleware/executor.rb:16:in 'ActionDispatch::Executor#call'
actionpack (7.2.3) lib/action_dispatch/middleware/static.rb:27:in 'ActionDispatch::Static#call'
rack (3.2.5) lib/rack/sendfile.rb:131:in 'Rack::Sendfile#call'
actionpack (7.2.3) lib/action_dispatch/middleware/host_authorization.rb:143:in 'ActionDispatch::HostAuthorization#call'
railties (7.2.3) lib/rails/engine.rb:535:in 'Rails::Engine#call'
puma (7.2.0) lib/puma/configuration.rb:296:in 'Puma::Configuration::ConfigMiddleware#call'
puma (7.2.0) lib/puma/request.rb:103:in 'block in Puma::Request#handle_request'
puma (7.2.0) lib/puma/thread_pool.rb:355:in 'Puma::ThreadPool#with_force_shutdown'
puma (7.2.0) lib/puma/request.rb:102:in 'Puma::Request#handle_request'
puma (7.2.0) lib/puma/server.rb:503:in 'Puma::Server#process_client'
puma (7.2.0) lib/puma/server.rb:262:in 'block in Puma::Server#run'
puma (7.2.0) lib/puma/thread_pool.rb:182:in 'block in Puma::ThreadPool#spawn_thread'
Started GET "/" for 127.0.0.1 at 2026-03-27 13:36:50 +0100
  [1m[36mActiveRecord::SchemaMigration Load (0.5ms)[0m  [1m[34mSELECT "schema_migrations"."version" FROM "schema_migrations" ORDER BY "schema_migrations"."version" ASC[0m
  
ActiveRecord::PendingMigrationError (

Migrations are pending. To resolve this issue, run:

        bin/rails db:migrate

You have 7 pending migrations:

db/migrate/20260101000000_create_users.rb
db/migrate/20260101000100_create_projects.rb
db/migrate/20260101000200_create_project_memberships.rb
db/migrate/20260101000300_create_project_threads.rb
db/migrate/20260101000400_create_messages.rb
db/migrate/20260101000500_create_attachments.rb
db/migrate/20260101000600_create_active_storage_tables.rb


):
  
activerecord (7.2.3) lib/active_record/migration.rb:756:in 'ActiveRecord::Migration.check_pending_migrations'
activerecord (7.2.3) lib/active_record/migration.rb:663:in 'block (2 levels) in ActiveRecord::Migration::CheckPending#call'
activesupport (7.2.3) lib/active_support/file_update_checker.rb:85:in 'ActiveSupport::FileUpdateChecker#execute'
activerecord (7.2.3) lib/active_record/migration.rb:668:in 'block in ActiveRecord::Migration::CheckPending#call'
activerecord (7.2.3) lib/active_record/migration.rb:660:in 'Thread::Mutex#synchronize'
activerecord (7.2.3) lib/active_record/migration.rb:660:in 'ActiveRecord::Migration::CheckPending#call'
actionpack (7.2.3) lib/action_dispatch/middleware/callbacks.rb:31:in 'block in ActionDispatch::Callbacks#call'
activesupport (7.2.3) lib/active_support/callbacks.rb:101:in 'ActiveSupport::Callbacks#run_callbacks'
actionpack (7.2.3) lib/action_dispatch/middleware/callbacks.rb:30:in 'ActionDispatch::Callbacks#call'
actionpack (7.2.3) lib/action_dispatch/middleware/executor.rb:16:in 'ActionDispatch::Executor#call'
actionpack (7.2.3) lib/action_dispatch/middleware/actionable_exceptions.rb:18:in 'ActionDispatch::ActionableExceptions#call'
actionpack (7.2.3) lib/action_dispatch/middleware/debug_exceptions.rb:31:in 'ActionDispatch::DebugExceptions#call'
web-console (4.2.1) lib/web_console/middleware.rb:132:in 'WebConsole::Middleware#call_app'
web-console (4.2.1) lib/web_console/middleware.rb:28:in 'block in WebConsole::Middleware#call'
web-console (4.2.1) lib/web_console/middleware.rb:17:in 'Kernel#catch'
web-console (4.2.1) lib/web_console/middleware.rb:17:in 'WebConsole::Middleware#call'
actionpack (7.2.3) lib/action_dispatch/middleware/show_exceptions.rb:32:in 'ActionDispatch::ShowExceptions#call'
railties (7.2.3) lib/rails/rack/logger.rb:41:in 'Rails::Rack::Logger#call_app'
railties (7.2.3) lib/rails/rack/logger.rb:29:in 'Rails::Rack::Logger#call'
sprockets-rails (3.5.2) lib/sprockets/rails/quiet_assets.rb:17:in 'Sprockets::Rails::QuietAssets#call'
actionpack (7.2.3) lib/action_dispatch/middleware/remote_ip.rb:96:in 'ActionDispatch::RemoteIp#call'
actionpack (7.2.3) lib/action_dispatch/middleware/request_id.rb:33:in 'ActionDispatch::RequestId#call'
rack (3.2.5) lib/rack/method_override.rb:28:in 'Rack::MethodOverride#call'
rack (3.2.5) lib/rack/runtime.rb:24:in 'Rack::Runtime#call'
activesupport (7.2.3) lib/active_support/cache/strategy/local_cache_middleware.rb:29:in 'ActiveSupport::Cache::Strategy::LocalCache::Middleware#call'
actionpack (7.2.3) lib/action_dispatch/middleware/server_timing.rb:61:in 'block in ActionDispatch::ServerTiming#call'
actionpack (7.2.3) lib/action_dispatch/middleware/server_timing.rb:26:in 'ActionDispatch::ServerTiming::Subscriber#collect_events'
actionpack (7.2.3) lib/action_dispatch/middleware/server_timing.rb:60:in 'ActionDispatch::ServerTiming#call'
actionpack (7.2.3) lib/action_dispatch/middleware/executor.rb:16:in 'ActionDispatch::Executor#call'
actionpack (7.2.3) lib/action_dispatch/middleware/static.rb:27:in 'ActionDispatch::Static#call'
rack (3.2.5) lib/rack/sendfile.rb:131:in 'Rack::Sendfile#call'
actionpack (7.2.3) lib/action_dispatch/middleware/host_authorization.rb:143:in 'ActionDispatch::HostAuthorization#call'
railties (7.2.3) lib/rails/engine.rb:535:in 'Rails::Engine#call'
puma (7.2.0) lib/puma/configuration.rb:296:in 'Puma::Configuration::ConfigMiddleware#call'
puma (7.2.0) lib/puma/request.rb:103:in 'block in Puma::Request#handle_request'
puma (7.2.0) lib/puma/thread_pool.rb:355:in 'Puma::ThreadPool#with_force_shutdown'
puma (7.2.0) lib/puma/request.rb:102:in 'Puma::Request#handle_request'
puma (7.2.0) lib/puma/server.rb:503:in 'Puma::Server#process_client'
puma (7.2.0) lib/puma/server.rb:262:in 'block in Puma::Server#run'
puma (7.2.0) lib/puma/thread_pool.rb:182:in 'block in Puma::ThreadPool#spawn_thread'
Started GET "/favicon.ico" for 127.0.0.1 at 2026-03-27 13:36:52 +0100
  [1m[36mActiveRecord::SchemaMigration Load (0.4ms)[0m  [1m[34mSELECT "schema_migrations"."version" FROM "schema_migrations" ORDER BY "schema_migrations"."version" ASC[0m
  
ActiveRecord::PendingMigrationError (

Migrations are pending. To resolve this issue, run:

        bin/rails db:migrate

You have 7 pending migrations:

db/migrate/20260101000000_create_users.rb
db/migrate/20260101000100_create_projects.rb
db/migrate/20260101000200_create_project_memberships.rb
db/migrate/20260101000300_create_project_threads.rb
db/migrate/20260101000400_create_messages.rb
db/migrate/20260101000500_create_attachments.rb
db/migrate/20260101000600_create_active_storage_tables.rb


):
  
activerecord (7.2.3) lib/active_record/migration.rb:756:in 'ActiveRecord::Migration.check_pending_migrations'
activerecord (7.2.3) lib/active_record/migration.rb:663:in 'block (2 levels) in ActiveRecord::Migration::CheckPending#call'
activesupport (7.2.3) lib/active_support/file_update_checker.rb:85:in 'ActiveSupport::FileUpdateChecker#execute'
activerecord (7.2.3) lib/active_record/migration.rb:668:in 'block in ActiveRecord::Migration::CheckPending#call'
activerecord (7.2.3) lib/active_record/migration.rb:660:in 'Thread::Mutex#synchronize'
activerecord (7.2.3) lib/active_record/migration.rb:660:in 'ActiveRecord::Migration::CheckPending#call'
actionpack (7.2.3) lib/action_dispatch/middleware/callbacks.rb:31:in 'block in ActionDispatch::Callbacks#call'
activesupport (7.2.3) lib/active_support/callbacks.rb:101:in 'ActiveSupport::Callbacks#run_callbacks'
actionpack (7.2.3) lib/action_dispatch/middleware/callbacks.rb:30:in 'ActionDispatch::Callbacks#call'
actionpack (7.2.3) lib/action_dispatch/middleware/executor.rb:16:in 'ActionDispatch::Executor#call'
actionpack (7.2.3) lib/action_dispatch/middleware/actionable_exceptions.rb:18:in 'ActionDispatch::ActionableExceptions#call'
actionpack (7.2.3) lib/action_dispatch/middleware/debug_exceptions.rb:31:in 'ActionDispatch::DebugExceptions#call'
web-console (4.2.1) lib/web_console/middleware.rb:132:in 'WebConsole::Middleware#call_app'
web-console (4.2.1) lib/web_console/middleware.rb:28:in 'block in WebConsole::Middleware#call'
web-console (4.2.1) lib/web_console/middleware.rb:17:in 'Kernel#catch'
web-console (4.2.1) lib/web_console/middleware.rb:17:in 'WebConsole::Middleware#call'
actionpack (7.2.3) lib/action_dispatch/middleware/show_exceptions.rb:32:in 'ActionDispatch::ShowExceptions#call'
railties (7.2.3) lib/rails/rack/logger.rb:41:in 'Rails::Rack::Logger#call_app'
railties (7.2.3) lib/rails/rack/logger.rb:29:in 'Rails::Rack::Logger#call'
sprockets-rails (3.5.2) lib/sprockets/rails/quiet_assets.rb:17:in 'Sprockets::Rails::QuietAssets#call'
actionpack (7.2.3) lib/action_dispatch/middleware/remote_ip.rb:96:in 'ActionDispatch::RemoteIp#call'
actionpack (7.2.3) lib/action_dispatch/middleware/request_id.rb:33:in 'ActionDispatch::RequestId#call'
rack (3.2.5) lib/rack/method_override.rb:28:in 'Rack::MethodOverride#call'
rack (3.2.5) lib/rack/runtime.rb:24:in 'Rack::Runtime#call'
activesupport (7.2.3) lib/active_support/cache/strategy/local_cache_middleware.rb:29:in 'ActiveSupport::Cache::Strategy::LocalCache::Middleware#call'
actionpack (7.2.3) lib/action_dispatch/middleware/server_timing.rb:61:in 'block in ActionDispatch::ServerTiming#call'
actionpack (7.2.3) lib/action_dispatch/middleware/server_timing.rb:26:in 'ActionDispatch::ServerTiming::Subscriber#collect_events'
actionpack (7.2.3) lib/action_dispatch/middleware/server_timing.rb:60:in 'ActionDispatch::ServerTiming#call'
actionpack (7.2.3) lib/action_dispatch/middleware/executor.rb:16:in 'ActionDispatch::Executor#call'
actionpack (7.2.3) lib/action_dispatch/middleware/static.rb:27:in 'ActionDispatch::Static#call'
rack (3.2.5) lib/rack/sendfile.rb:131:in 'Rack::Sendfile#call'
actionpack (7.2.3) lib/action_dispatch/middleware/host_authorization.rb:143:in 'ActionDispatch::HostAuthorization#call'
railties (7.2.3) lib/rails/engine.rb:535:in 'Rails::Engine#call'
puma (7.2.0) lib/puma/configuration.rb:296:in 'Puma::Configuration::ConfigMiddleware#call'
puma (7.2.0) lib/puma/request.rb:103:in 'block in Puma::Request#handle_request'
puma (7.2.0) lib/puma/thread_pool.rb:355:in 'Puma::ThreadPool#with_force_shutdown'
puma (7.2.0) lib/puma/request.rb:102:in 'Puma::Request#handle_request'
puma (7.2.0) lib/puma/server.rb:503:in 'Puma::Server#process_client'
puma (7.2.0) lib/puma/server.rb:262:in 'block in Puma::Server#run'
puma (7.2.0) lib/puma/thread_pool.rb:182:in 'block in Puma::ThreadPool#spawn_thread'
Started GET "/" for 127.0.0.1 at 2026-03-27 13:36:54 +0100
  [1m[36mActiveRecord::SchemaMigration Load (0.4ms)[0m  [1m[34mSELECT "schema_migrations"."version" FROM "schema_migrations" ORDER BY "schema_migrations"."version" ASC[0m
  
ActiveRecord::PendingMigrationError (

Migrations are pending. To resolve this issue, run:

        bin/rails db:migrate

You have 7 pending migrations:

db/migrate/20260101000000_create_users.rb
db/migrate/20260101000100_create_projects.rb
db/migrate/20260101000200_create_project_memberships.rb
db/migrate/20260101000300_create_project_threads.rb
db/migrate/20260101000400_create_messages.rb
db/migrate/20260101000500_create_attachments.rb
db/migrate/20260101000600_create_active_storage_tables.rb


):
  
activerecord (7.2.3) lib/active_record/migration.rb:756:in 'ActiveRecord::Migration.check_pending_migrations'
activerecord (7.2.3) lib/active_record/migration.rb:663:in 'block (2 levels) in ActiveRecord::Migration::CheckPending#call'
activesupport (7.2.3) lib/active_support/file_update_checker.rb:85:in 'ActiveSupport::FileUpdateChecker#execute'
activerecord (7.2.3) lib/active_record/migration.rb:668:in 'block in ActiveRecord::Migration::CheckPending#call'
activerecord (7.2.3) lib/active_record/migration.rb:660:in 'Thread::Mutex#synchronize'
activerecord (7.2.3) lib/active_record/migration.rb:660:in 'ActiveRecord::Migration::CheckPending#call'
actionpack (7.2.3) lib/action_dispatch/middleware/callbacks.rb:31:in 'block in ActionDispatch::Callbacks#call'
activesupport (7.2.3) lib/active_support/callbacks.rb:101:in 'ActiveSupport::Callbacks#run_callbacks'
actionpack (7.2.3) lib/action_dispatch/middleware/callbacks.rb:30:in 'ActionDispatch::Callbacks#call'
actionpack (7.2.3) lib/action_dispatch/middleware/executor.rb:16:in 'ActionDispatch::Executor#call'
actionpack (7.2.3) lib/action_dispatch/middleware/actionable_exceptions.rb:18:in 'ActionDispatch::ActionableExceptions#call'
actionpack (7.2.3) lib/action_dispatch/middleware/debug_exceptions.rb:31:in 'ActionDispatch::DebugExceptions#call'
web-console (4.2.1) lib/web_console/middleware.rb:132:in 'WebConsole::Middleware#call_app'
web-console (4.2.1) lib/web_console/middleware.rb:28:in 'block in WebConsole::Middleware#call'
web-console (4.2.1) lib/web_console/middleware.rb:17:in 'Kernel#catch'
web-console (4.2.1) lib/web_console/middleware.rb:17:in 'WebConsole::Middleware#call'
actionpack (7.2.3) lib/action_dispatch/middleware/show_exceptions.rb:32:in 'ActionDispatch::ShowExceptions#call'
railties (7.2.3) lib/rails/rack/logger.rb:41:in 'Rails::Rack::Logger#call_app'
railties (7.2.3) lib/rails/rack/logger.rb:29:in 'Rails::Rack::Logger#call'
sprockets-rails (3.5.2) lib/sprockets/rails/quiet_assets.rb:17:in 'Sprockets::Rails::QuietAssets#call'
actionpack (7.2.3) lib/action_dispatch/middleware/remote_ip.rb:96:in 'ActionDispatch::RemoteIp#call'
actionpack (7.2.3) lib/action_dispatch/middleware/request_id.rb:33:in 'ActionDispatch::RequestId#call'
rack (3.2.5) lib/rack/method_override.rb:28:in 'Rack::MethodOverride#call'
rack (3.2.5) lib/rack/runtime.rb:24:in 'Rack::Runtime#call'
activesupport (7.2.3) lib/active_support/cache/strategy/local_cache_middleware.rb:29:in 'ActiveSupport::Cache::Strategy::LocalCache::Middleware#call'
actionpack (7.2.3) lib/action_dispatch/middleware/server_timing.rb:61:in 'block in ActionDispatch::ServerTiming#call'
actionpack (7.2.3) lib/action_dispatch/middleware/server_timing.rb:26:in 'ActionDispatch::ServerTiming::Subscriber#collect_events'
actionpack (7.2.3) lib/action_dispatch/middleware/server_timing.rb:60:in 'ActionDispatch::ServerTiming#call'
actionpack (7.2.3) lib/action_dispatch/middleware/executor.rb:16:in 'ActionDispatch::Executor#call'
actionpack (7.2.3) lib/action_dispatch/middleware/static.rb:27:in 'ActionDispatch::Static#call'
rack (3.2.5) lib/rack/sendfile.rb:131:in 'Rack::Sendfile#call'
actionpack (7.2.3) lib/action_dispatch/middleware/host_authorization.rb:143:in 'ActionDispatch::HostAuthorization#call'
railties (7.2.3) lib/rails/engine.rb:535:in 'Rails::Engine#call'
puma (7.2.0) lib/puma/configuration.rb:296:in 'Puma::Configuration::ConfigMiddleware#call'
puma (7.2.0) lib/puma/request.rb:103:in 'block in Puma::Request#handle_request'
puma (7.2.0) lib/puma/thread_pool.rb:355:in 'Puma::ThreadPool#with_force_shutdown'
puma (7.2.0) lib/puma/request.rb:102:in 'Puma::Request#handle_request'
puma (7.2.0) lib/puma/server.rb:503:in 'Puma::Server#process_client'
puma (7.2.0) lib/puma/server.rb:262:in 'block in Puma::Server#run'
puma (7.2.0) lib/puma/thread_pool.rb:182:in 'block in Puma::ThreadPool#spawn_thread'
Started GET "/favicon.ico" for 127.0.0.1 at 2026-03-27 13:36:55 +0100
  [1m[36mActiveRecord::SchemaMigration Load (0.5ms)[0m  [1m[34mSELECT "schema_migrations"."version" FROM "schema_migrations" ORDER BY "schema_migrations"."version" ASC[0m
  
ActiveRecord::PendingMigrationError (

Migrations are pending. To resolve this issue, run:

        bin/rails db:migrate

You have 7 pending migrations:

db/migrate/20260101000000_create_users.rb
db/migrate/20260101000100_create_projects.rb
db/migrate/20260101000200_create_project_memberships.rb
db/migrate/20260101000300_create_project_threads.rb
db/migrate/20260101000400_create_messages.rb
db/migrate/20260101000500_create_attachments.rb
db/migrate/20260101000600_create_active_storage_tables.rb


):
  
activerecord (7.2.3) lib/active_record/migration.rb:756:in 'ActiveRecord::Migration.check_pending_migrations'
activerecord (7.2.3) lib/active_record/migration.rb:663:in 'block (2 levels) in ActiveRecord::Migration::CheckPending#call'
activesupport (7.2.3) lib/active_support/file_update_checker.rb:85:in 'ActiveSupport::FileUpdateChecker#execute'
activerecord (7.2.3) lib/active_record/migration.rb:668:in 'block in ActiveRecord::Migration::CheckPending#call'
activerecord (7.2.3) lib/active_record/migration.rb:660:in 'Thread::Mutex#synchronize'
activerecord (7.2.3) lib/active_record/migration.rb:660:in 'ActiveRecord::Migration::CheckPending#call'
actionpack (7.2.3) lib/action_dispatch/middleware/callbacks.rb:31:in 'block in ActionDispatch::Callbacks#call'
activesupport (7.2.3) lib/active_support/callbacks.rb:101:in 'ActiveSupport::Callbacks#run_callbacks'
actionpack (7.2.3) lib/action_dispatch/middleware/callbacks.rb:30:in 'ActionDispatch::Callbacks#call'
actionpack (7.2.3) lib/action_dispatch/middleware/executor.rb:16:in 'ActionDispatch::Executor#call'
actionpack (7.2.3) lib/action_dispatch/middleware/actionable_exceptions.rb:18:in 'ActionDispatch::ActionableExceptions#call'
actionpack (7.2.3) lib/action_dispatch/middleware/debug_exceptions.rb:31:in 'ActionDispatch::DebugExceptions#call'
web-console (4.2.1) lib/web_console/middleware.rb:132:in 'WebConsole::Middleware#call_app'
web-console (4.2.1) lib/web_console/middleware.rb:28:in 'block in WebConsole::Middleware#call'
web-console (4.2.1) lib/web_console/middleware.rb:17:in 'Kernel#catch'
web-console (4.2.1) lib/web_console/middleware.rb:17:in 'WebConsole::Middleware#call'
actionpack (7.2.3) lib/action_dispatch/middleware/show_exceptions.rb:32:in 'ActionDispatch::ShowExceptions#call'
railties (7.2.3) lib/rails/rack/logger.rb:41:in 'Rails::Rack::Logger#call_app'
railties (7.2.3) lib/rails/rack/logger.rb:29:in 'Rails::Rack::Logger#call'
sprockets-rails (3.5.2) lib/sprockets/rails/quiet_assets.rb:17:in 'Sprockets::Rails::QuietAssets#call'
actionpack (7.2.3) lib/action_dispatch/middleware/remote_ip.rb:96:in 'ActionDispatch::RemoteIp#call'
actionpack (7.2.3) lib/action_dispatch/middleware/request_id.rb:33:in 'ActionDispatch::RequestId#call'
rack (3.2.5) lib/rack/method_override.rb:28:in 'Rack::MethodOverride#call'
rack (3.2.5) lib/rack/runtime.rb:24:in 'Rack::Runtime#call'
activesupport (7.2.3) lib/active_support/cache/strategy/local_cache_middleware.rb:29:in 'ActiveSupport::Cache::Strategy::LocalCache::Middleware#call'
actionpack (7.2.3) lib/action_dispatch/middleware/server_timing.rb:61:in 'block in ActionDispatch::ServerTiming#call'
actionpack (7.2.3) lib/action_dispatch/middleware/server_timing.rb:26:in 'ActionDispatch::ServerTiming::Subscriber#collect_events'
actionpack (7.2.3) lib/action_dispatch/middleware/server_timing.rb:60:in 'ActionDispatch::ServerTiming#call'
actionpack (7.2.3) lib/action_dispatch/middleware/executor.rb:16:in 'ActionDispatch::Executor#call'
actionpack (7.2.3) lib/action_dispatch/middleware/static.rb:27:in 'ActionDispatch::Static#call'
rack (3.2.5) lib/rack/sendfile.rb:131:in 'Rack::Sendfile#call'
actionpack (7.2.3) lib/action_dispatch/middleware/host_authorization.rb:143:in 'ActionDispatch::HostAuthorization#call'
railties (7.2.3) lib/rails/engine.rb:535:in 'Rails::Engine#call'
puma (7.2.0) lib/puma/configuration.rb:296:in 'Puma::Configuration::ConfigMiddleware#call'
puma (7.2.0) lib/puma/request.rb:103:in 'block in Puma::Request#handle_request'
puma (7.2.0) lib/puma/thread_pool.rb:355:in 'Puma::ThreadPool#with_force_shutdown'
puma (7.2.0) lib/puma/request.rb:102:in 'Puma::Request#handle_request'
puma (7.2.0) lib/puma/server.rb:503:in 'Puma::Server#process_client'
puma (7.2.0) lib/puma/server.rb:262:in 'block in Puma::Server#run'
puma (7.2.0) lib/puma/thread_pool.rb:182:in 'block in Puma::ThreadPool#spawn_thread'
Started GET "/" for ::1 at 2026-03-27 13:38:51 +0100
  [1m[36mActiveRecord::SchemaMigration Load (0.4ms)[0m  [1m[34mSELECT "schema_migrations"."version" FROM "schema_migrations" ORDER BY "schema_migrations"."version" ASC[0m
  
ActiveRecord::PendingMigrationError (

Migrations are pending. To resolve this issue, run:

        bin/rails db:migrate

You have 7 pending migrations:

db/migrate/20260101000000_create_users.rb
db/migrate/20260101000100_create_projects.rb
db/migrate/20260101000200_create_project_memberships.rb
db/migrate/20260101000300_create_project_threads.rb
db/migrate/20260101000400_create_messages.rb
db/migrate/20260101000500_create_attachments.rb
db/migrate/20260101000600_create_active_storage_tables.rb


):
  
activerecord (7.2.3) lib/active_record/migration.rb:756:in 'ActiveRecord::Migration.check_pending_migrations'
activerecord (7.2.3) lib/active_record/migration.rb:663:in 'block (2 levels) in ActiveRecord::Migration::CheckPending#call'
activesupport (7.2.3) lib/active_support/file_update_checker.rb:85:in 'ActiveSupport::FileUpdateChecker#execute'
activerecord (7.2.3) lib/active_record/migration.rb:668:in 'block in ActiveRecord::Migration::CheckPending#call'
activerecord (7.2.3) lib/active_record/migration.rb:660:in 'Thread::Mutex#synchronize'
activerecord (7.2.3) lib/active_record/migration.rb:660:in 'ActiveRecord::Migration::CheckPending#call'
actionpack (7.2.3) lib/action_dispatch/middleware/callbacks.rb:31:in 'block in ActionDispatch::Callbacks#call'
activesupport (7.2.3) lib/active_support/callbacks.rb:101:in 'ActiveSupport::Callbacks#run_callbacks'
actionpack (7.2.3) lib/action_dispatch/middleware/callbacks.rb:30:in 'ActionDispatch::Callbacks#call'
actionpack (7.2.3) lib/action_dispatch/middleware/executor.rb:16:in 'ActionDispatch::Executor#call'
actionpack (7.2.3) lib/action_dispatch/middleware/actionable_exceptions.rb:18:in 'ActionDispatch::ActionableExceptions#call'
actionpack (7.2.3) lib/action_dispatch/middleware/debug_exceptions.rb:31:in 'ActionDispatch::DebugExceptions#call'
web-console (4.2.1) lib/web_console/middleware.rb:132:in 'WebConsole::Middleware#call_app'
web-console (4.2.1) lib/web_console/middleware.rb:28:in 'block in WebConsole::Middleware#call'
web-console (4.2.1) lib/web_console/middleware.rb:17:in 'Kernel#catch'
web-console (4.2.1) lib/web_console/middleware.rb:17:in 'WebConsole::Middleware#call'
actionpack (7.2.3) lib/action_dispatch/middleware/show_exceptions.rb:32:in 'ActionDispatch::ShowExceptions#call'
railties (7.2.3) lib/rails/rack/logger.rb:41:in 'Rails::Rack::Logger#call_app'
railties (7.2.3) lib/rails/rack/logger.rb:29:in 'Rails::Rack::Logger#call'
sprockets-rails (3.5.2) lib/sprockets/rails/quiet_assets.rb:17:in 'Sprockets::Rails::QuietAssets#call'
actionpack (7.2.3) lib/action_dispatch/middleware/remote_ip.rb:96:in 'ActionDispatch::RemoteIp#call'
actionpack (7.2.3) lib/action_dispatch/middleware/request_id.rb:33:in 'ActionDispatch::RequestId#call'
rack (3.2.5) lib/rack/method_override.rb:28:in 'Rack::MethodOverride#call'
rack (3.2.5) lib/rack/runtime.rb:24:in 'Rack::Runtime#call'
activesupport (7.2.3) lib/active_support/cache/strategy/local_cache_middleware.rb:29:in 'ActiveSupport::Cache::Strategy::LocalCache::Middleware#call'
actionpack (7.2.3) lib/action_dispatch/middleware/server_timing.rb:61:in 'block in ActionDispatch::ServerTiming#call'
actionpack (7.2.3) lib/action_dispatch/middleware/server_timing.rb:26:in 'ActionDispatch::ServerTiming::Subscriber#collect_events'
actionpack (7.2.3) lib/action_dispatch/middleware/server_timing.rb:60:in 'ActionDispatch::ServerTiming#call'
actionpack (7.2.3) lib/action_dispatch/middleware/executor.rb:16:in 'ActionDispatch::Executor#call'
actionpack (7.2.3) lib/action_dispatch/middleware/static.rb:27:in 'ActionDispatch::Static#call'
rack (3.2.5) lib/rack/sendfile.rb:131:in 'Rack::Sendfile#call'
actionpack (7.2.3) lib/action_dispatch/middleware/host_authorization.rb:143:in 'ActionDispatch::HostAuthorization#call'
railties (7.2.3) lib/rails/engine.rb:535:in 'Rails::Engine#call'
puma (7.2.0) lib/puma/configuration.rb:296:in 'Puma::Configuration::ConfigMiddleware#call'
puma (7.2.0) lib/puma/request.rb:103:in 'block in Puma::Request#handle_request'
puma (7.2.0) lib/puma/thread_pool.rb:355:in 'Puma::ThreadPool#with_force_shutdown'
puma (7.2.0) lib/puma/request.rb:102:in 'Puma::Request#handle_request'
puma (7.2.0) lib/puma/server.rb:503:in 'Puma::Server#process_client'
puma (7.2.0) lib/puma/server.rb:262:in 'block in Puma::Server#run'
puma (7.2.0) lib/puma/thread_pool.rb:182:in 'block in Puma::ThreadPool#spawn_thread'
Started GET "/" for ::1 at 2026-03-27 13:38:52 +0100
  [1m[36mActiveRecord::SchemaMigration Load (0.5ms)[0m  [1m[34mSELECT "schema_migrations"."version" FROM "schema_migrations" ORDER BY "schema_migrations"."version" ASC[0m
  
ActiveRecord::PendingMigrationError (

Migrations are pending. To resolve this issue, run:

        bin/rails db:migrate

You have 7 pending migrations:

db/migrate/20260101000000_create_users.rb
db/migrate/20260101000100_create_projects.rb
db/migrate/20260101000200_create_project_memberships.rb
db/migrate/20260101000300_create_project_threads.rb
db/migrate/20260101000400_create_messages.rb
db/migrate/20260101000500_create_attachments.rb
db/migrate/20260101000600_create_active_storage_tables.rb


):
  
activerecord (7.2.3) lib/active_record/migration.rb:756:in 'ActiveRecord::Migration.check_pending_migrations'
activerecord (7.2.3) lib/active_record/migration.rb:663:in 'block (2 levels) in ActiveRecord::Migration::CheckPending#call'
activesupport (7.2.3) lib/active_support/file_update_checker.rb:85:in 'ActiveSupport::FileUpdateChecker#execute'
activerecord (7.2.3) lib/active_record/migration.rb:668:in 'block in ActiveRecord::Migration::CheckPending#call'
activerecord (7.2.3) lib/active_record/migration.rb:660:in 'Thread::Mutex#synchronize'
activerecord (7.2.3) lib/active_record/migration.rb:660:in 'ActiveRecord::Migration::CheckPending#call'
actionpack (7.2.3) lib/action_dispatch/middleware/callbacks.rb:31:in 'block in ActionDispatch::Callbacks#call'
activesupport (7.2.3) lib/active_support/callbacks.rb:101:in 'ActiveSupport::Callbacks#run_callbacks'
actionpack (7.2.3) lib/action_dispatch/middleware/callbacks.rb:30:in 'ActionDispatch::Callbacks#call'
actionpack (7.2.3) lib/action_dispatch/middleware/executor.rb:16:in 'ActionDispatch::Executor#call'
actionpack (7.2.3) lib/action_dispatch/middleware/actionable_exceptions.rb:18:in 'ActionDispatch::ActionableExceptions#call'
actionpack (7.2.3) lib/action_dispatch/middleware/debug_exceptions.rb:31:in 'ActionDispatch::DebugExceptions#call'
web-console (4.2.1) lib/web_console/middleware.rb:132:in 'WebConsole::Middleware#call_app'
web-console (4.2.1) lib/web_console/middleware.rb:28:in 'block in WebConsole::Middleware#call'
web-console (4.2.1) lib/web_console/middleware.rb:17:in 'Kernel#catch'
web-console (4.2.1) lib/web_console/middleware.rb:17:in 'WebConsole::Middleware#call'
actionpack (7.2.3) lib/action_dispatch/middleware/show_exceptions.rb:32:in 'ActionDispatch::ShowExceptions#call'
railties (7.2.3) lib/rails/rack/logger.rb:41:in 'Rails::Rack::Logger#call_app'
railties (7.2.3) lib/rails/rack/logger.rb:29:in 'Rails::Rack::Logger#call'
sprockets-rails (3.5.2) lib/sprockets/rails/quiet_assets.rb:17:in 'Sprockets::Rails::QuietAssets#call'
actionpack (7.2.3) lib/action_dispatch/middleware/remote_ip.rb:96:in 'ActionDispatch::RemoteIp#call'
actionpack (7.2.3) lib/action_dispatch/middleware/request_id.rb:33:in 'ActionDispatch::RequestId#call'
rack (3.2.5) lib/rack/method_override.rb:28:in 'Rack::MethodOverride#call'
rack (3.2.5) lib/rack/runtime.rb:24:in 'Rack::Runtime#call'
activesupport (7.2.3) lib/active_support/cache/strategy/local_cache_middleware.rb:29:in 'ActiveSupport::Cache::Strategy::LocalCache::Middleware#call'
actionpack (7.2.3) lib/action_dispatch/middleware/server_timing.rb:61:in 'block in ActionDispatch::ServerTiming#call'
actionpack (7.2.3) lib/action_dispatch/middleware/server_timing.rb:26:in 'ActionDispatch::ServerTiming::Subscriber#collect_events'
actionpack (7.2.3) lib/action_dispatch/middleware/server_timing.rb:60:in 'ActionDispatch::ServerTiming#call'
actionpack (7.2.3) lib/action_dispatch/middleware/executor.rb:16:in 'ActionDispatch::Executor#call'
actionpack (7.2.3) lib/action_dispatch/middleware/static.rb:27:in 'ActionDispatch::Static#call'
rack (3.2.5) lib/rack/sendfile.rb:131:in 'Rack::Sendfile#call'
actionpack (7.2.3) lib/action_dispatch/middleware/host_authorization.rb:143:in 'ActionDispatch::HostAuthorization#call'
railties (7.2.3) lib/rails/engine.rb:535:in 'Rails::Engine#call'
puma (7.2.0) lib/puma/configuration.rb:296:in 'Puma::Configuration::ConfigMiddleware#call'
puma (7.2.0) lib/puma/request.rb:103:in 'block in Puma::Request#handle_request'
puma (7.2.0) lib/puma/thread_pool.rb:355:in 'Puma::ThreadPool#with_force_shutdown'
puma (7.2.0) lib/puma/request.rb:102:in 'Puma::Request#handle_request'
puma (7.2.0) lib/puma/server.rb:503:in 'Puma::Server#process_client'
puma (7.2.0) lib/puma/server.rb:262:in 'block in Puma::Server#run'
puma (7.2.0) lib/puma/thread_pool.rb:182:in 'block in Puma::ThreadPool#spawn_thread'
Started GET "/favicon.ico" for ::1 at 2026-03-27 13:38:54 +0100
  [1m[36mActiveRecord::SchemaMigration Load (0.4ms)[0m  [1m[34mSELECT "schema_migrations"."version" FROM "schema_migrations" ORDER BY "schema_migrations"."version" ASC[0m
  
ActiveRecord::PendingMigrationError (

Migrations are pending. To resolve this issue, run:

        bin/rails db:migrate

You have 7 pending migrations:

db/migrate/20260101000000_create_users.rb
db/migrate/20260101000100_create_projects.rb
db/migrate/20260101000200_create_project_memberships.rb
db/migrate/20260101000300_create_project_threads.rb
db/migrate/20260101000400_create_messages.rb
db/migrate/20260101000500_create_attachments.rb
db/migrate/20260101000600_create_active_storage_tables.rb


):
  
activerecord (7.2.3) lib/active_record/migration.rb:756:in 'ActiveRecord::Migration.check_pending_migrations'
activerecord (7.2.3) lib/active_record/migration.rb:663:in 'block (2 levels) in ActiveRecord::Migration::CheckPending#call'
activesupport (7.2.3) lib/active_support/file_update_checker.rb:85:in 'ActiveSupport::FileUpdateChecker#execute'
activerecord (7.2.3) lib/active_record/migration.rb:668:in 'block in ActiveRecord::Migration::CheckPending#call'
activerecord (7.2.3) lib/active_record/migration.rb:660:in 'Thread::Mutex#synchronize'
activerecord (7.2.3) lib/active_record/migration.rb:660:in 'ActiveRecord::Migration::CheckPending#call'
actionpack (7.2.3) lib/action_dispatch/middleware/callbacks.rb:31:in 'block in ActionDispatch::Callbacks#call'
activesupport (7.2.3) lib/active_support/callbacks.rb:101:in 'ActiveSupport::Callbacks#run_callbacks'
actionpack (7.2.3) lib/action_dispatch/middleware/callbacks.rb:30:in 'ActionDispatch::Callbacks#call'
actionpack (7.2.3) lib/action_dispatch/middleware/executor.rb:16:in 'ActionDispatch::Executor#call'
actionpack (7.2.3) lib/action_dispatch/middleware/actionable_exceptions.rb:18:in 'ActionDispatch::ActionableExceptions#call'
actionpack (7.2.3) lib/action_dispatch/middleware/debug_exceptions.rb:31:in 'ActionDispatch::DebugExceptions#call'
web-console (4.2.1) lib/web_console/middleware.rb:132:in 'WebConsole::Middleware#call_app'
web-console (4.2.1) lib/web_console/middleware.rb:28:in 'block in WebConsole::Middleware#call'
web-console (4.2.1) lib/web_console/middleware.rb:17:in 'Kernel#catch'
web-console (4.2.1) lib/web_console/middleware.rb:17:in 'WebConsole::Middleware#call'
actionpack (7.2.3) lib/action_dispatch/middleware/show_exceptions.rb:32:in 'ActionDispatch::ShowExceptions#call'
railties (7.2.3) lib/rails/rack/logger.rb:41:in 'Rails::Rack::Logger#call_app'
railties (7.2.3) lib/rails/rack/logger.rb:29:in 'Rails::Rack::Logger#call'
sprockets-rails (3.5.2) lib/sprockets/rails/quiet_assets.rb:17:in 'Sprockets::Rails::QuietAssets#call'
actionpack (7.2.3) lib/action_dispatch/middleware/remote_ip.rb:96:in 'ActionDispatch::RemoteIp#call'
actionpack (7.2.3) lib/action_dispatch/middleware/request_id.rb:33:in 'ActionDispatch::RequestId#call'
rack (3.2.5) lib/rack/method_override.rb:28:in 'Rack::MethodOverride#call'
rack (3.2.5) lib/rack/runtime.rb:24:in 'Rack::Runtime#call'
activesupport (7.2.3) lib/active_support/cache/strategy/local_cache_middleware.rb:29:in 'ActiveSupport::Cache::Strategy::LocalCache::Middleware#call'
actionpack (7.2.3) lib/action_dispatch/middleware/server_timing.rb:61:in 'block in ActionDispatch::ServerTiming#call'
actionpack (7.2.3) lib/action_dispatch/middleware/server_timing.rb:26:in 'ActionDispatch::ServerTiming::Subscriber#collect_events'
actionpack (7.2.3) lib/action_dispatch/middleware/server_timing.rb:60:in 'ActionDispatch::ServerTiming#call'
actionpack (7.2.3) lib/action_dispatch/middleware/executor.rb:16:in 'ActionDispatch::Executor#call'
actionpack (7.2.3) lib/action_dispatch/middleware/static.rb:27:in 'ActionDispatch::Static#call'
rack (3.2.5) lib/rack/sendfile.rb:131:in 'Rack::Sendfile#call'
actionpack (7.2.3) lib/action_dispatch/middleware/host_authorization.rb:143:in 'ActionDispatch::HostAuthorization#call'
railties (7.2.3) lib/rails/engine.rb:535:in 'Rails::Engine#call'
puma (7.2.0) lib/puma/configuration.rb:296:in 'Puma::Configuration::ConfigMiddleware#call'
puma (7.2.0) lib/puma/request.rb:103:in 'block in Puma::Request#handle_request'
puma (7.2.0) lib/puma/thread_pool.rb:355:in 'Puma::ThreadPool#with_force_shutdown'
puma (7.2.0) lib/puma/request.rb:102:in 'Puma::Request#handle_request'
puma (7.2.0) lib/puma/server.rb:503:in 'Puma::Server#process_client'
puma (7.2.0) lib/puma/server.rb:262:in 'block in Puma::Server#run'
puma (7.2.0) lib/puma/thread_pool.rb:182:in 'block in Puma::ThreadPool#spawn_thread'
Started GET "/" for ::1 at 2026-03-27 13:38:58 +0100
  [1m[36mActiveRecord::SchemaMigration Load (0.4ms)[0m  [1m[34mSELECT "schema_migrations"."version" FROM "schema_migrations" ORDER BY "schema_migrations"."version" ASC[0m
  
ActiveRecord::PendingMigrationError (

Migrations are pending. To resolve this issue, run:

        bin/rails db:migrate

You have 7 pending migrations:

db/migrate/20260101000000_create_users.rb
db/migrate/20260101000100_create_projects.rb
db/migrate/20260101000200_create_project_memberships.rb
db/migrate/20260101000300_create_project_threads.rb
db/migrate/20260101000400_create_messages.rb
db/migrate/20260101000500_create_attachments.rb
db/migrate/20260101000600_create_active_storage_tables.rb


):
  
activerecord (7.2.3) lib/active_record/migration.rb:756:in 'ActiveRecord::Migration.check_pending_migrations'
activerecord (7.2.3) lib/active_record/migration.rb:663:in 'block (2 levels) in ActiveRecord::Migration::CheckPending#call'
activesupport (7.2.3) lib/active_support/file_update_checker.rb:85:in 'ActiveSupport::FileUpdateChecker#execute'
activerecord (7.2.3) lib/active_record/migration.rb:668:in 'block in ActiveRecord::Migration::CheckPending#call'
activerecord (7.2.3) lib/active_record/migration.rb:660:in 'Thread::Mutex#synchronize'
activerecord (7.2.3) lib/active_record/migration.rb:660:in 'ActiveRecord::Migration::CheckPending#call'
actionpack (7.2.3) lib/action_dispatch/middleware/callbacks.rb:31:in 'block in ActionDispatch::Callbacks#call'
activesupport (7.2.3) lib/active_support/callbacks.rb:101:in 'ActiveSupport::Callbacks#run_callbacks'
actionpack (7.2.3) lib/action_dispatch/middleware/callbacks.rb:30:in 'ActionDispatch::Callbacks#call'
actionpack (7.2.3) lib/action_dispatch/middleware/executor.rb:16:in 'ActionDispatch::Executor#call'
actionpack (7.2.3) lib/action_dispatch/middleware/actionable_exceptions.rb:18:in 'ActionDispatch::ActionableExceptions#call'
actionpack (7.2.3) lib/action_dispatch/middleware/debug_exceptions.rb:31:in 'ActionDispatch::DebugExceptions#call'
web-console (4.2.1) lib/web_console/middleware.rb:132:in 'WebConsole::Middleware#call_app'
web-console (4.2.1) lib/web_console/middleware.rb:28:in 'block in WebConsole::Middleware#call'
web-console (4.2.1) lib/web_console/middleware.rb:17:in 'Kernel#catch'
web-console (4.2.1) lib/web_console/middleware.rb:17:in 'WebConsole::Middleware#call'
actionpack (7.2.3) lib/action_dispatch/middleware/show_exceptions.rb:32:in 'ActionDispatch::ShowExceptions#call'
railties (7.2.3) lib/rails/rack/logger.rb:41:in 'Rails::Rack::Logger#call_app'
railties (7.2.3) lib/rails/rack/logger.rb:29:in 'Rails::Rack::Logger#call'
sprockets-rails (3.5.2) lib/sprockets/rails/quiet_assets.rb:17:in 'Sprockets::Rails::QuietAssets#call'
actionpack (7.2.3) lib/action_dispatch/middleware/remote_ip.rb:96:in 'ActionDispatch::RemoteIp#call'
actionpack (7.2.3) lib/action_dispatch/middleware/request_id.rb:33:in 'ActionDispatch::RequestId#call'
rack (3.2.5) lib/rack/method_override.rb:28:in 'Rack::MethodOverride#call'
rack (3.2.5) lib/rack/runtime.rb:24:in 'Rack::Runtime#call'
activesupport (7.2.3) lib/active_support/cache/strategy/local_cache_middleware.rb:29:in 'ActiveSupport::Cache::Strategy::LocalCache::Middleware#call'
actionpack (7.2.3) lib/action_dispatch/middleware/server_timing.rb:61:in 'block in ActionDispatch::ServerTiming#call'
actionpack (7.2.3) lib/action_dispatch/middleware/server_timing.rb:26:in 'ActionDispatch::ServerTiming::Subscriber#collect_events'
actionpack (7.2.3) lib/action_dispatch/middleware/server_timing.rb:60:in 'ActionDispatch::ServerTiming#call'
actionpack (7.2.3) lib/action_dispatch/middleware/executor.rb:16:in 'ActionDispatch::Executor#call'
actionpack (7.2.3) lib/action_dispatch/middleware/static.rb:27:in 'ActionDispatch::Static#call'
rack (3.2.5) lib/rack/sendfile.rb:131:in 'Rack::Sendfile#call'
actionpack (7.2.3) lib/action_dispatch/middleware/host_authorization.rb:143:in 'ActionDispatch::HostAuthorization#call'
railties (7.2.3) lib/rails/engine.rb:535:in 'Rails::Engine#call'
puma (7.2.0) lib/puma/configuration.rb:296:in 'Puma::Configuration::ConfigMiddleware#call'
puma (7.2.0) lib/puma/request.rb:103:in 'block in Puma::Request#handle_request'
puma (7.2.0) lib/puma/thread_pool.rb:355:in 'Puma::ThreadPool#with_force_shutdown'
puma (7.2.0) lib/puma/request.rb:102:in 'Puma::Request#handle_request'
puma (7.2.0) lib/puma/server.rb:503:in 'Puma::Server#process_client'
puma (7.2.0) lib/puma/server.rb:262:in 'block in Puma::Server#run'
puma (7.2.0) lib/puma/thread_pool.rb:182:in 'block in Puma::ThreadPool#spawn_thread'
Started GET "/favicon.ico" for ::1 at 2026-03-27 13:38:59 +0100
  [1m[36mActiveRecord::SchemaMigration Load (0.5ms)[0m  [1m[34mSELECT "schema_migrations"."version" FROM "schema_migrations" ORDER BY "schema_migrations"."version" ASC[0m
  
ActiveRecord::PendingMigrationError (

Migrations are pending. To resolve this issue, run:

        bin/rails db:migrate

You have 7 pending migrations:

db/migrate/20260101000000_create_users.rb
db/migrate/20260101000100_create_projects.rb
db/migrate/20260101000200_create_project_memberships.rb
db/migrate/20260101000300_create_project_threads.rb
db/migrate/20260101000400_create_messages.rb
db/migrate/20260101000500_create_attachments.rb
db/migrate/20260101000600_create_active_storage_tables.rb


):
  
activerecord (7.2.3) lib/active_record/migration.rb:756:in 'ActiveRecord::Migration.check_pending_migrations'
activerecord (7.2.3) lib/active_record/migration.rb:663:in 'block (2 levels) in ActiveRecord::Migration::CheckPending#call'
activesupport (7.2.3) lib/active_support/file_update_checker.rb:85:in 'ActiveSupport::FileUpdateChecker#execute'
activerecord (7.2.3) lib/active_record/migration.rb:668:in 'block in ActiveRecord::Migration::CheckPending#call'
activerecord (7.2.3) lib/active_record/migration.rb:660:in 'Thread::Mutex#synchronize'
activerecord (7.2.3) lib/active_record/migration.rb:660:in 'ActiveRecord::Migration::CheckPending#call'
actionpack (7.2.3) lib/action_dispatch/middleware/callbacks.rb:31:in 'block in ActionDispatch::Callbacks#call'
activesupport (7.2.3) lib/active_support/callbacks.rb:101:in 'ActiveSupport::Callbacks#run_callbacks'
actionpack (7.2.3) lib/action_dispatch/middleware/callbacks.rb:30:in 'ActionDispatch::Callbacks#call'
actionpack (7.2.3) lib/action_dispatch/middleware/executor.rb:16:in 'ActionDispatch::Executor#call'
actionpack (7.2.3) lib/action_dispatch/middleware/actionable_exceptions.rb:18:in 'ActionDispatch::ActionableExceptions#call'
actionpack (7.2.3) lib/action_dispatch/middleware/debug_exceptions.rb:31:in 'ActionDispatch::DebugExceptions#call'
web-console (4.2.1) lib/web_console/middleware.rb:132:in 'WebConsole::Middleware#call_app'
web-console (4.2.1) lib/web_console/middleware.rb:28:in 'block in WebConsole::Middleware#call'
web-console (4.2.1) lib/web_console/middleware.rb:17:in 'Kernel#catch'
web-console (4.2.1) lib/web_console/middleware.rb:17:in 'WebConsole::Middleware#call'
actionpack (7.2.3) lib/action_dispatch/middleware/show_exceptions.rb:32:in 'ActionDispatch::ShowExceptions#call'
railties (7.2.3) lib/rails/rack/logger.rb:41:in 'Rails::Rack::Logger#call_app'
railties (7.2.3) lib/rails/rack/logger.rb:29:in 'Rails::Rack::Logger#call'
sprockets-rails (3.5.2) lib/sprockets/rails/quiet_assets.rb:17:in 'Sprockets::Rails::QuietAssets#call'
actionpack (7.2.3) lib/action_dispatch/middleware/remote_ip.rb:96:in 'ActionDispatch::RemoteIp#call'
actionpack (7.2.3) lib/action_dispatch/middleware/request_id.rb:33:in 'ActionDispatch::RequestId#call'
rack (3.2.5) lib/rack/method_override.rb:28:in 'Rack::MethodOverride#call'
rack (3.2.5) lib/rack/runtime.rb:24:in 'Rack::Runtime#call'
activesupport (7.2.3) lib/active_support/cache/strategy/local_cache_middleware.rb:29:in 'ActiveSupport::Cache::Strategy::LocalCache::Middleware#call'
actionpack (7.2.3) lib/action_dispatch/middleware/server_timing.rb:61:in 'block in ActionDispatch::ServerTiming#call'
actionpack (7.2.3) lib/action_dispatch/middleware/server_timing.rb:26:in 'ActionDispatch::ServerTiming::Subscriber#collect_events'
actionpack (7.2.3) lib/action_dispatch/middleware/server_timing.rb:60:in 'ActionDispatch::ServerTiming#call'
actionpack (7.2.3) lib/action_dispatch/middleware/executor.rb:16:in 'ActionDispatch::Executor#call'
actionpack (7.2.3) lib/action_dispatch/middleware/static.rb:27:in 'ActionDispatch::Static#call'
rack (3.2.5) lib/rack/sendfile.rb:131:in 'Rack::Sendfile#call'
actionpack (7.2.3) lib/action_dispatch/middleware/host_authorization.rb:143:in 'ActionDispatch::HostAuthorization#call'
railties (7.2.3) lib/rails/engine.rb:535:in 'Rails::Engine#call'
puma (7.2.0) lib/puma/configuration.rb:296:in 'Puma::Configuration::ConfigMiddleware#call'
puma (7.2.0) lib/puma/request.rb:103:in 'block in Puma::Request#handle_request'
puma (7.2.0) lib/puma/thread_pool.rb:355:in 'Puma::ThreadPool#with_force_shutdown'
puma (7.2.0) lib/puma/request.rb:102:in 'Puma::Request#handle_request'
puma (7.2.0) lib/puma/server.rb:503:in 'Puma::Server#process_client'
puma (7.2.0) lib/puma/server.rb:262:in 'block in Puma::Server#run'
puma (7.2.0) lib/puma/thread_pool.rb:182:in 'block in Puma::ThreadPool#spawn_thread'
Started GET "/" for ::1 at 2026-03-27 13:40:42 +0100
  [1m[36mActiveRecord::SchemaMigration Load (0.5ms)[0m  [1m[34mSELECT "schema_migrations"."version" FROM "schema_migrations" ORDER BY "schema_migrations"."version" ASC[0m
  
ActiveRecord::PendingMigrationError (

Migrations are pending. To resolve this issue, run:

        bin/rails db:migrate

You have 7 pending migrations:

db/migrate/20260101000000_create_users.rb
db/migrate/20260101000100_create_projects.rb
db/migrate/20260101000200_create_project_memberships.rb
db/migrate/20260101000300_create_project_threads.rb
db/migrate/20260101000400_create_messages.rb
db/migrate/20260101000500_create_attachments.rb
db/migrate/20260101000600_create_active_storage_tables.rb


):
  
activerecord (7.2.3) lib/active_record/migration.rb:756:in 'ActiveRecord::Migration.check_pending_migrations'
activerecord (7.2.3) lib/active_record/migration.rb:663:in 'block (2 levels) in ActiveRecord::Migration::CheckPending#call'
activesupport (7.2.3) lib/active_support/file_update_checker.rb:85:in 'ActiveSupport::FileUpdateChecker#execute'
activerecord (7.2.3) lib/active_record/migration.rb:668:in 'block in ActiveRecord::Migration::CheckPending#call'
activerecord (7.2.3) lib/active_record/migration.rb:660:in 'Thread::Mutex#synchronize'
activerecord (7.2.3) lib/active_record/migration.rb:660:in 'ActiveRecord::Migration::CheckPending#call'
actionpack (7.2.3) lib/action_dispatch/middleware/callbacks.rb:31:in 'block in ActionDispatch::Callbacks#call'
activesupport (7.2.3) lib/active_support/callbacks.rb:101:in 'ActiveSupport::Callbacks#run_callbacks'
actionpack (7.2.3) lib/action_dispatch/middleware/callbacks.rb:30:in 'ActionDispatch::Callbacks#call'
actionpack (7.2.3) lib/action_dispatch/middleware/executor.rb:16:in 'ActionDispatch::Executor#call'
actionpack (7.2.3) lib/action_dispatch/middleware/actionable_exceptions.rb:18:in 'ActionDispatch::ActionableExceptions#call'
actionpack (7.2.3) lib/action_dispatch/middleware/debug_exceptions.rb:31:in 'ActionDispatch::DebugExceptions#call'
web-console (4.2.1) lib/web_console/middleware.rb:132:in 'WebConsole::Middleware#call_app'
web-console (4.2.1) lib/web_console/middleware.rb:28:in 'block in WebConsole::Middleware#call'
web-console (4.2.1) lib/web_console/middleware.rb:17:in 'Kernel#catch'
web-console (4.2.1) lib/web_console/middleware.rb:17:in 'WebConsole::Middleware#call'
actionpack (7.2.3) lib/action_dispatch/middleware/show_exceptions.rb:32:in 'ActionDispatch::ShowExceptions#call'
railties (7.2.3) lib/rails/rack/logger.rb:41:in 'Rails::Rack::Logger#call_app'
railties (7.2.3) lib/rails/rack/logger.rb:29:in 'Rails::Rack::Logger#call'
sprockets-rails (3.5.2) lib/sprockets/rails/quiet_assets.rb:17:in 'Sprockets::Rails::QuietAssets#call'
actionpack (7.2.3) lib/action_dispatch/middleware/remote_ip.rb:96:in 'ActionDispatch::RemoteIp#call'
actionpack (7.2.3) lib/action_dispatch/middleware/request_id.rb:33:in 'ActionDispatch::RequestId#call'
rack (3.2.5) lib/rack/method_override.rb:28:in 'Rack::MethodOverride#call'
rack (3.2.5) lib/rack/runtime.rb:24:in 'Rack::Runtime#call'
activesupport (7.2.3) lib/active_support/cache/strategy/local_cache_middleware.rb:29:in 'ActiveSupport::Cache::Strategy::LocalCache::Middleware#call'
actionpack (7.2.3) lib/action_dispatch/middleware/server_timing.rb:61:in 'block in ActionDispatch::ServerTiming#call'
actionpack (7.2.3) lib/action_dispatch/middleware/server_timing.rb:26:in 'ActionDispatch::ServerTiming::Subscriber#collect_events'
actionpack (7.2.3) lib/action_dispatch/middleware/server_timing.rb:60:in 'ActionDispatch::ServerTiming#call'
actionpack (7.2.3) lib/action_dispatch/middleware/executor.rb:16:in 'ActionDispatch::Executor#call'
actionpack (7.2.3) lib/action_dispatch/middleware/static.rb:27:in 'ActionDispatch::Static#call'
rack (3.2.5) lib/rack/sendfile.rb:131:in 'Rack::Sendfile#call'
actionpack (7.2.3) lib/action_dispatch/middleware/host_authorization.rb:143:in 'ActionDispatch::HostAuthorization#call'
railties (7.2.3) lib/rails/engine.rb:535:in 'Rails::Engine#call'
puma (7.2.0) lib/puma/configuration.rb:296:in 'Puma::Configuration::ConfigMiddleware#call'
puma (7.2.0) lib/puma/request.rb:103:in 'block in Puma::Request#handle_request'
puma (7.2.0) lib/puma/thread_pool.rb:355:in 'Puma::ThreadPool#with_force_shutdown'
puma (7.2.0) lib/puma/request.rb:102:in 'Puma::Request#handle_request'
puma (7.2.0) lib/puma/server.rb:503:in 'Puma::Server#process_client'
puma (7.2.0) lib/puma/server.rb:262:in 'block in Puma::Server#run'
puma (7.2.0) lib/puma/thread_pool.rb:182:in 'block in Puma::ThreadPool#spawn_thread'
Started GET "/" for ::1 at 2026-03-27 13:40:43 +0100
  [1m[36mActiveRecord::SchemaMigration Load (0.4ms)[0m  [1m[34mSELECT "schema_migrations"."version" FROM "schema_migrations" ORDER BY "schema_migrations"."version" ASC[0m
  
ActiveRecord::PendingMigrationError (

Migrations are pending. To resolve this issue, run:

        bin/rails db:migrate

You have 7 pending migrations:

db/migrate/20260101000000_create_users.rb
db/migrate/20260101000100_create_projects.rb
db/migrate/20260101000200_create_project_memberships.rb
db/migrate/20260101000300_create_project_threads.rb
db/migrate/20260101000400_create_messages.rb
db/migrate/20260101000500_create_attachments.rb
db/migrate/20260101000600_create_active_storage_tables.rb


):
  
activerecord (7.2.3) lib/active_record/migration.rb:756:in 'ActiveRecord::Migration.check_pending_migrations'
activerecord (7.2.3) lib/active_record/migration.rb:663:in 'block (2 levels) in ActiveRecord::Migration::CheckPending#call'
activesupport (7.2.3) lib/active_support/file_update_checker.rb:85:in 'ActiveSupport::FileUpdateChecker#execute'
activerecord (7.2.3) lib/active_record/migration.rb:668:in 'block in ActiveRecord::Migration::CheckPending#call'
activerecord (7.2.3) lib/active_record/migration.rb:660:in 'Thread::Mutex#synchronize'
activerecord (7.2.3) lib/active_record/migration.rb:660:in 'ActiveRecord::Migration::CheckPending#call'
actionpack (7.2.3) lib/action_dispatch/middleware/callbacks.rb:31:in 'block in ActionDispatch::Callbacks#call'
activesupport (7.2.3) lib/active_support/callbacks.rb:101:in 'ActiveSupport::Callbacks#run_callbacks'
actionpack (7.2.3) lib/action_dispatch/middleware/callbacks.rb:30:in 'ActionDispatch::Callbacks#call'
actionpack (7.2.3) lib/action_dispatch/middleware/executor.rb:16:in 'ActionDispatch::Executor#call'
actionpack (7.2.3) lib/action_dispatch/middleware/actionable_exceptions.rb:18:in 'ActionDispatch::ActionableExceptions#call'
actionpack (7.2.3) lib/action_dispatch/middleware/debug_exceptions.rb:31:in 'ActionDispatch::DebugExceptions#call'
web-console (4.2.1) lib/web_console/middleware.rb:132:in 'WebConsole::Middleware#call_app'
web-console (4.2.1) lib/web_console/middleware.rb:28:in 'block in WebConsole::Middleware#call'
web-console (4.2.1) lib/web_console/middleware.rb:17:in 'Kernel#catch'
web-console (4.2.1) lib/web_console/middleware.rb:17:in 'WebConsole::Middleware#call'
actionpack (7.2.3) lib/action_dispatch/middleware/show_exceptions.rb:32:in 'ActionDispatch::ShowExceptions#call'
railties (7.2.3) lib/rails/rack/logger.rb:41:in 'Rails::Rack::Logger#call_app'
railties (7.2.3) lib/rails/rack/logger.rb:29:in 'Rails::Rack::Logger#call'
sprockets-rails (3.5.2) lib/sprockets/rails/quiet_assets.rb:17:in 'Sprockets::Rails::QuietAssets#call'
actionpack (7.2.3) lib/action_dispatch/middleware/remote_ip.rb:96:in 'ActionDispatch::RemoteIp#call'
actionpack (7.2.3) lib/action_dispatch/middleware/request_id.rb:33:in 'ActionDispatch::RequestId#call'
rack (3.2.5) lib/rack/method_override.rb:28:in 'Rack::MethodOverride#call'
rack (3.2.5) lib/rack/runtime.rb:24:in 'Rack::Runtime#call'
activesupport (7.2.3) lib/active_support/cache/strategy/local_cache_middleware.rb:29:in 'ActiveSupport::Cache::Strategy::LocalCache::Middleware#call'
actionpack (7.2.3) lib/action_dispatch/middleware/server_timing.rb:61:in 'block in ActionDispatch::ServerTiming#call'
actionpack (7.2.3) lib/action_dispatch/middleware/server_timing.rb:26:in 'ActionDispatch::ServerTiming::Subscriber#collect_events'
actionpack (7.2.3) lib/action_dispatch/middleware/server_timing.rb:60:in 'ActionDispatch::ServerTiming#call'
actionpack (7.2.3) lib/action_dispatch/middleware/executor.rb:16:in 'ActionDispatch::Executor#call'
actionpack (7.2.3) lib/action_dispatch/middleware/static.rb:27:in 'ActionDispatch::Static#call'
rack (3.2.5) lib/rack/sendfile.rb:131:in 'Rack::Sendfile#call'
actionpack (7.2.3) lib/action_dispatch/middleware/host_authorization.rb:143:in 'ActionDispatch::HostAuthorization#call'
railties (7.2.3) lib/rails/engine.rb:535:in 'Rails::Engine#call'
puma (7.2.0) lib/puma/configuration.rb:296:in 'Puma::Configuration::ConfigMiddleware#call'
puma (7.2.0) lib/puma/request.rb:103:in 'block in Puma::Request#handle_request'
puma (7.2.0) lib/puma/thread_pool.rb:355:in 'Puma::ThreadPool#with_force_shutdown'
puma (7.2.0) lib/puma/request.rb:102:in 'Puma::Request#handle_request'
puma (7.2.0) lib/puma/server.rb:503:in 'Puma::Server#process_client'
puma (7.2.0) lib/puma/server.rb:262:in 'block in Puma::Server#run'
puma (7.2.0) lib/puma/thread_pool.rb:182:in 'block in Puma::ThreadPool#spawn_thread'
Started GET "/favicon.ico" for ::1 at 2026-03-27 13:40:45 +0100
  [1m[36mActiveRecord::SchemaMigration Load (0.5ms)[0m  [1m[34mSELECT "schema_migrations"."version" FROM "schema_migrations" ORDER BY "schema_migrations"."version" ASC[0m
  
ActiveRecord::PendingMigrationError (

Migrations are pending. To resolve this issue, run:

        bin/rails db:migrate

You have 7 pending migrations:

db/migrate/20260101000000_create_users.rb
db/migrate/20260101000100_create_projects.rb
db/migrate/20260101000200_create_project_memberships.rb
db/migrate/20260101000300_create_project_threads.rb
db/migrate/20260101000400_create_messages.rb
db/migrate/20260101000500_create_attachments.rb
db/migrate/20260101000600_create_active_storage_tables.rb


):
  
activerecord (7.2.3) lib/active_record/migration.rb:756:in 'ActiveRecord::Migration.check_pending_migrations'
activerecord (7.2.3) lib/active_record/migration.rb:663:in 'block (2 levels) in ActiveRecord::Migration::CheckPending#call'
activesupport (7.2.3) lib/active_support/file_update_checker.rb:85:in 'ActiveSupport::FileUpdateChecker#execute'
activerecord (7.2.3) lib/active_record/migration.rb:668:in 'block in ActiveRecord::Migration::CheckPending#call'
activerecord (7.2.3) lib/active_record/migration.rb:660:in 'Thread::Mutex#synchronize'
activerecord (7.2.3) lib/active_record/migration.rb:660:in 'ActiveRecord::Migration::CheckPending#call'
actionpack (7.2.3) lib/action_dispatch/middleware/callbacks.rb:31:in 'block in ActionDispatch::Callbacks#call'
activesupport (7.2.3) lib/active_support/callbacks.rb:101:in 'ActiveSupport::Callbacks#run_callbacks'
actionpack (7.2.3) lib/action_dispatch/middleware/callbacks.rb:30:in 'ActionDispatch::Callbacks#call'
actionpack (7.2.3) lib/action_dispatch/middleware/executor.rb:16:in 'ActionDispatch::Executor#call'
actionpack (7.2.3) lib/action_dispatch/middleware/actionable_exceptions.rb:18:in 'ActionDispatch::ActionableExceptions#call'
actionpack (7.2.3) lib/action_dispatch/middleware/debug_exceptions.rb:31:in 'ActionDispatch::DebugExceptions#call'
web-console (4.2.1) lib/web_console/middleware.rb:132:in 'WebConsole::Middleware#call_app'
web-console (4.2.1) lib/web_console/middleware.rb:28:in 'block in WebConsole::Middleware#call'
web-console (4.2.1) lib/web_console/middleware.rb:17:in 'Kernel#catch'
web-console (4.2.1) lib/web_console/middleware.rb:17:in 'WebConsole::Middleware#call'
actionpack (7.2.3) lib/action_dispatch/middleware/show_exceptions.rb:32:in 'ActionDispatch::ShowExceptions#call'
railties (7.2.3) lib/rails/rack/logger.rb:41:in 'Rails::Rack::Logger#call_app'
railties (7.2.3) lib/rails/rack/logger.rb:29:in 'Rails::Rack::Logger#call'
sprockets-rails (3.5.2) lib/sprockets/rails/quiet_assets.rb:17:in 'Sprockets::Rails::QuietAssets#call'
actionpack (7.2.3) lib/action_dispatch/middleware/remote_ip.rb:96:in 'ActionDispatch::RemoteIp#call'
actionpack (7.2.3) lib/action_dispatch/middleware/request_id.rb:33:in 'ActionDispatch::RequestId#call'
rack (3.2.5) lib/rack/method_override.rb:28:in 'Rack::MethodOverride#call'
rack (3.2.5) lib/rack/runtime.rb:24:in 'Rack::Runtime#call'
activesupport (7.2.3) lib/active_support/cache/strategy/local_cache_middleware.rb:29:in 'ActiveSupport::Cache::Strategy::LocalCache::Middleware#call'
actionpack (7.2.3) lib/action_dispatch/middleware/server_timing.rb:61:in 'block in ActionDispatch::ServerTiming#call'
actionpack (7.2.3) lib/action_dispatch/middleware/server_timing.rb:26:in 'ActionDispatch::ServerTiming::Subscriber#collect_events'
actionpack (7.2.3) lib/action_dispatch/middleware/server_timing.rb:60:in 'ActionDispatch::ServerTiming#call'
actionpack (7.2.3) lib/action_dispatch/middleware/executor.rb:16:in 'ActionDispatch::Executor#call'
actionpack (7.2.3) lib/action_dispatch/middleware/static.rb:27:in 'ActionDispatch::Static#call'
rack (3.2.5) lib/rack/sendfile.rb:131:in 'Rack::Sendfile#call'
actionpack (7.2.3) lib/action_dispatch/middleware/host_authorization.rb:143:in 'ActionDispatch::HostAuthorization#call'
railties (7.2.3) lib/rails/engine.rb:535:in 'Rails::Engine#call'
puma (7.2.0) lib/puma/configuration.rb:296:in 'Puma::Configuration::ConfigMiddleware#call'
puma (7.2.0) lib/puma/request.rb:103:in 'block in Puma::Request#handle_request'
puma (7.2.0) lib/puma/thread_pool.rb:355:in 'Puma::ThreadPool#with_force_shutdown'
puma (7.2.0) lib/puma/request.rb:102:in 'Puma::Request#handle_request'
puma (7.2.0) lib/puma/server.rb:503:in 'Puma::Server#process_client'
puma (7.2.0) lib/puma/server.rb:262:in 'block in Puma::Server#run'
puma (7.2.0) lib/puma/thread_pool.rb:182:in 'block in Puma::ThreadPool#spawn_thread'
  [1m[36mActiveRecord::SchemaMigration Load (0.6ms)[0m  [1m[34mSELECT "schema_migrations"."version" FROM "schema_migrations" ORDER BY "schema_migrations"."version" ASC[0m
Started GET "/" for ::1 at 2026-03-27 13:45:29 +0100
  [1m[36mActiveRecord::SchemaMigration Load (0.5ms)[0m  [1m[34mSELECT "schema_migrations"."version" FROM "schema_migrations" ORDER BY "schema_migrations"."version" ASC[0m
  
ActiveRecord::PendingMigrationError (

Migrations are pending. To resolve this issue, run:

        bin/rails db:migrate

You have 7 pending migrations:

db/migrate/20260101000000_create_users.rb
db/migrate/20260101000100_create_projects.rb
db/migrate/20260101000200_create_project_memberships.rb
db/migrate/20260101000300_create_project_threads.rb
db/migrate/20260101000400_create_messages.rb
db/migrate/20260101000500_create_attachments.rb
db/migrate/20260101000600_create_active_storage_tables.rb


):
  
activerecord (7.2.3) lib/active_record/migration.rb:756:in 'ActiveRecord::Migration.check_pending_migrations'
activerecord (7.2.3) lib/active_record/migration.rb:663:in 'block (2 levels) in ActiveRecord::Migration::CheckPending#call'
activesupport (7.2.3) lib/active_support/file_update_checker.rb:85:in 'ActiveSupport::FileUpdateChecker#execute'
activerecord (7.2.3) lib/active_record/migration.rb:668:in 'block in ActiveRecord::Migration::CheckPending#call'
activerecord (7.2.3) lib/active_record/migration.rb:660:in 'Thread::Mutex#synchronize'
activerecord (7.2.3) lib/active_record/migration.rb:660:in 'ActiveRecord::Migration::CheckPending#call'
actionpack (7.2.3) lib/action_dispatch/middleware/callbacks.rb:31:in 'block in ActionDispatch::Callbacks#call'
activesupport (7.2.3) lib/active_support/callbacks.rb:101:in 'ActiveSupport::Callbacks#run_callbacks'
actionpack (7.2.3) lib/action_dispatch/middleware/callbacks.rb:30:in 'ActionDispatch::Callbacks#call'
actionpack (7.2.3) lib/action_dispatch/middleware/executor.rb:16:in 'ActionDispatch::Executor#call'
actionpack (7.2.3) lib/action_dispatch/middleware/actionable_exceptions.rb:18:in 'ActionDispatch::ActionableExceptions#call'
actionpack (7.2.3) lib/action_dispatch/middleware/debug_exceptions.rb:31:in 'ActionDispatch::DebugExceptions#call'
web-console (4.2.1) lib/web_console/middleware.rb:132:in 'WebConsole::Middleware#call_app'
web-console (4.2.1) lib/web_console/middleware.rb:28:in 'block in WebConsole::Middleware#call'
web-console (4.2.1) lib/web_console/middleware.rb:17:in 'Kernel#catch'
web-console (4.2.1) lib/web_console/middleware.rb:17:in 'WebConsole::Middleware#call'
actionpack (7.2.3) lib/action_dispatch/middleware/show_exceptions.rb:32:in 'ActionDispatch::ShowExceptions#call'
railties (7.2.3) lib/rails/rack/logger.rb:41:in 'Rails::Rack::Logger#call_app'
railties (7.2.3) lib/rails/rack/logger.rb:29:in 'Rails::Rack::Logger#call'
sprockets-rails (3.5.2) lib/sprockets/rails/quiet_assets.rb:17:in 'Sprockets::Rails::QuietAssets#call'
actionpack (7.2.3) lib/action_dispatch/middleware/remote_ip.rb:96:in 'ActionDispatch::RemoteIp#call'
actionpack (7.2.3) lib/action_dispatch/middleware/request_id.rb:33:in 'ActionDispatch::RequestId#call'
rack (3.2.5) lib/rack/method_override.rb:28:in 'Rack::MethodOverride#call'
rack (3.2.5) lib/rack/runtime.rb:24:in 'Rack::Runtime#call'
activesupport (7.2.3) lib/active_support/cache/strategy/local_cache_middleware.rb:29:in 'ActiveSupport::Cache::Strategy::LocalCache::Middleware#call'
actionpack (7.2.3) lib/action_dispatch/middleware/server_timing.rb:61:in 'block in ActionDispatch::ServerTiming#call'
actionpack (7.2.3) lib/action_dispatch/middleware/server_timing.rb:26:in 'ActionDispatch::ServerTiming::Subscriber#collect_events'
actionpack (7.2.3) lib/action_dispatch/middleware/server_timing.rb:60:in 'ActionDispatch::ServerTiming#call'
actionpack (7.2.3) lib/action_dispatch/middleware/executor.rb:16:in 'ActionDispatch::Executor#call'
actionpack (7.2.3) lib/action_dispatch/middleware/static.rb:27:in 'ActionDispatch::Static#call'
rack (3.2.5) lib/rack/sendfile.rb:131:in 'Rack::Sendfile#call'
actionpack (7.2.3) lib/action_dispatch/middleware/host_authorization.rb:143:in 'ActionDispatch::HostAuthorization#call'
railties (7.2.3) lib/rails/engine.rb:535:in 'Rails::Engine#call'
puma (7.2.0) lib/puma/configuration.rb:296:in 'Puma::Configuration::ConfigMiddleware#call'
puma (7.2.0) lib/puma/request.rb:103:in 'block in Puma::Request#handle_request'
puma (7.2.0) lib/puma/thread_pool.rb:355:in 'Puma::ThreadPool#with_force_shutdown'
puma (7.2.0) lib/puma/request.rb:102:in 'Puma::Request#handle_request'
puma (7.2.0) lib/puma/server.rb:503:in 'Puma::Server#process_client'
puma (7.2.0) lib/puma/server.rb:262:in 'block in Puma::Server#run'
puma (7.2.0) lib/puma/thread_pool.rb:182:in 'block in Puma::ThreadPool#spawn_thread'
Started GET "/" for ::1 at 2026-03-27 13:45:31 +0100
  [1m[36mActiveRecord::SchemaMigration Load (0.4ms)[0m  [1m[34mSELECT "schema_migrations"."version" FROM "schema_migrations" ORDER BY "schema_migrations"."version" ASC[0m
  
ActiveRecord::PendingMigrationError (

Migrations are pending. To resolve this issue, run:

        bin/rails db:migrate

You have 7 pending migrations:

db/migrate/20260101000000_create_users.rb
db/migrate/20260101000100_create_projects.rb
db/migrate/20260101000200_create_project_memberships.rb
db/migrate/20260101000300_create_project_threads.rb
db/migrate/20260101000400_create_messages.rb
db/migrate/20260101000500_create_attachments.rb
db/migrate/20260101000600_create_active_storage_tables.rb


):
  
activerecord (7.2.3) lib/active_record/migration.rb:756:in 'ActiveRecord::Migration.check_pending_migrations'
activerecord (7.2.3) lib/active_record/migration.rb:663:in 'block (2 levels) in ActiveRecord::Migration::CheckPending#call'
activesupport (7.2.3) lib/active_support/file_update_checker.rb:85:in 'ActiveSupport::FileUpdateChecker#execute'
activerecord (7.2.3) lib/active_record/migration.rb:668:in 'block in ActiveRecord::Migration::CheckPending#call'
activerecord (7.2.3) lib/active_record/migration.rb:660:in 'Thread::Mutex#synchronize'
activerecord (7.2.3) lib/active_record/migration.rb:660:in 'ActiveRecord::Migration::CheckPending#call'
actionpack (7.2.3) lib/action_dispatch/middleware/callbacks.rb:31:in 'block in ActionDispatch::Callbacks#call'
activesupport (7.2.3) lib/active_support/callbacks.rb:101:in 'ActiveSupport::Callbacks#run_callbacks'
actionpack (7.2.3) lib/action_dispatch/middleware/callbacks.rb:30:in 'ActionDispatch::Callbacks#call'
actionpack (7.2.3) lib/action_dispatch/middleware/executor.rb:16:in 'ActionDispatch::Executor#call'
actionpack (7.2.3) lib/action_dispatch/middleware/actionable_exceptions.rb:18:in 'ActionDispatch::ActionableExceptions#call'
actionpack (7.2.3) lib/action_dispatch/middleware/debug_exceptions.rb:31:in 'ActionDispatch::DebugExceptions#call'
web-console (4.2.1) lib/web_console/middleware.rb:132:in 'WebConsole::Middleware#call_app'
web-console (4.2.1) lib/web_console/middleware.rb:28:in 'block in WebConsole::Middleware#call'
web-console (4.2.1) lib/web_console/middleware.rb:17:in 'Kernel#catch'
web-console (4.2.1) lib/web_console/middleware.rb:17:in 'WebConsole::Middleware#call'
actionpack (7.2.3) lib/action_dispatch/middleware/show_exceptions.rb:32:in 'ActionDispatch::ShowExceptions#call'
railties (7.2.3) lib/rails/rack/logger.rb:41:in 'Rails::Rack::Logger#call_app'
railties (7.2.3) lib/rails/rack/logger.rb:29:in 'Rails::Rack::Logger#call'
sprockets-rails (3.5.2) lib/sprockets/rails/quiet_assets.rb:17:in 'Sprockets::Rails::QuietAssets#call'
actionpack (7.2.3) lib/action_dispatch/middleware/remote_ip.rb:96:in 'ActionDispatch::RemoteIp#call'
actionpack (7.2.3) lib/action_dispatch/middleware/request_id.rb:33:in 'ActionDispatch::RequestId#call'
rack (3.2.5) lib/rack/method_override.rb:28:in 'Rack::MethodOverride#call'
rack (3.2.5) lib/rack/runtime.rb:24:in 'Rack::Runtime#call'
activesupport (7.2.3) lib/active_support/cache/strategy/local_cache_middleware.rb:29:in 'ActiveSupport::Cache::Strategy::LocalCache::Middleware#call'
actionpack (7.2.3) lib/action_dispatch/middleware/server_timing.rb:61:in 'block in ActionDispatch::ServerTiming#call'
actionpack (7.2.3) lib/action_dispatch/middleware/server_timing.rb:26:in 'ActionDispatch::ServerTiming::Subscriber#collect_events'
actionpack (7.2.3) lib/action_dispatch/middleware/server_timing.rb:60:in 'ActionDispatch::ServerTiming#call'
actionpack (7.2.3) lib/action_dispatch/middleware/executor.rb:16:in 'ActionDispatch::Executor#call'
actionpack (7.2.3) lib/action_dispatch/middleware/static.rb:27:in 'ActionDispatch::Static#call'
rack (3.2.5) lib/rack/sendfile.rb:131:in 'Rack::Sendfile#call'
actionpack (7.2.3) lib/action_dispatch/middleware/host_authorization.rb:143:in 'ActionDispatch::HostAuthorization#call'
railties (7.2.3) lib/rails/engine.rb:535:in 'Rails::Engine#call'
puma (7.2.0) lib/puma/configuration.rb:296:in 'Puma::Configuration::ConfigMiddleware#call'
puma (7.2.0) lib/puma/request.rb:103:in 'block in Puma::Request#handle_request'
puma (7.2.0) lib/puma/thread_pool.rb:355:in 'Puma::ThreadPool#with_force_shutdown'
puma (7.2.0) lib/puma/request.rb:102:in 'Puma::Request#handle_request'
puma (7.2.0) lib/puma/server.rb:503:in 'Puma::Server#process_client'
puma (7.2.0) lib/puma/server.rb:262:in 'block in Puma::Server#run'
puma (7.2.0) lib/puma/thread_pool.rb:182:in 'block in Puma::ThreadPool#spawn_thread'
Started GET "/favicon.ico" for ::1 at 2026-03-27 13:45:32 +0100
  [1m[36mActiveRecord::SchemaMigration Load (0.4ms)[0m  [1m[34mSELECT "schema_migrations"."version" FROM "schema_migrations" ORDER BY "schema_migrations"."version" ASC[0m
  
ActiveRecord::PendingMigrationError (

Migrations are pending. To resolve this issue, run:

        bin/rails db:migrate

You have 7 pending migrations:

db/migrate/20260101000000_create_users.rb
db/migrate/20260101000100_create_projects.rb
db/migrate/20260101000200_create_project_memberships.rb
db/migrate/20260101000300_create_project_threads.rb
db/migrate/20260101000400_create_messages.rb
db/migrate/20260101000500_create_attachments.rb
db/migrate/20260101000600_create_active_storage_tables.rb


):
  
activerecord (7.2.3) lib/active_record/migration.rb:756:in 'ActiveRecord::Migration.check_pending_migrations'
activerecord (7.2.3) lib/active_record/migration.rb:663:in 'block (2 levels) in ActiveRecord::Migration::CheckPending#call'
activesupport (7.2.3) lib/active_support/file_update_checker.rb:85:in 'ActiveSupport::FileUpdateChecker#execute'
activerecord (7.2.3) lib/active_record/migration.rb:668:in 'block in ActiveRecord::Migration::CheckPending#call'
activerecord (7.2.3) lib/active_record/migration.rb:660:in 'Thread::Mutex#synchronize'
activerecord (7.2.3) lib/active_record/migration.rb:660:in 'ActiveRecord::Migration::CheckPending#call'
actionpack (7.2.3) lib/action_dispatch/middleware/callbacks.rb:31:in 'block in ActionDispatch::Callbacks#call'
activesupport (7.2.3) lib/active_support/callbacks.rb:101:in 'ActiveSupport::Callbacks#run_callbacks'
actionpack (7.2.3) lib/action_dispatch/middleware/callbacks.rb:30:in 'ActionDispatch::Callbacks#call'
actionpack (7.2.3) lib/action_dispatch/middleware/executor.rb:16:in 'ActionDispatch::Executor#call'
actionpack (7.2.3) lib/action_dispatch/middleware/actionable_exceptions.rb:18:in 'ActionDispatch::ActionableExceptions#call'
actionpack (7.2.3) lib/action_dispatch/middleware/debug_exceptions.rb:31:in 'ActionDispatch::DebugExceptions#call'
web-console (4.2.1) lib/web_console/middleware.rb:132:in 'WebConsole::Middleware#call_app'
web-console (4.2.1) lib/web_console/middleware.rb:28:in 'block in WebConsole::Middleware#call'
web-console (4.2.1) lib/web_console/middleware.rb:17:in 'Kernel#catch'
web-console (4.2.1) lib/web_console/middleware.rb:17:in 'WebConsole::Middleware#call'
actionpack (7.2.3) lib/action_dispatch/middleware/show_exceptions.rb:32:in 'ActionDispatch::ShowExceptions#call'
railties (7.2.3) lib/rails/rack/logger.rb:41:in 'Rails::Rack::Logger#call_app'
railties (7.2.3) lib/rails/rack/logger.rb:29:in 'Rails::Rack::Logger#call'
sprockets-rails (3.5.2) lib/sprockets/rails/quiet_assets.rb:17:in 'Sprockets::Rails::QuietAssets#call'
actionpack (7.2.3) lib/action_dispatch/middleware/remote_ip.rb:96:in 'ActionDispatch::RemoteIp#call'
actionpack (7.2.3) lib/action_dispatch/middleware/request_id.rb:33:in 'ActionDispatch::RequestId#call'
rack (3.2.5) lib/rack/method_override.rb:28:in 'Rack::MethodOverride#call'
rack (3.2.5) lib/rack/runtime.rb:24:in 'Rack::Runtime#call'
activesupport (7.2.3) lib/active_support/cache/strategy/local_cache_middleware.rb:29:in 'ActiveSupport::Cache::Strategy::LocalCache::Middleware#call'
actionpack (7.2.3) lib/action_dispatch/middleware/server_timing.rb:61:in 'block in ActionDispatch::ServerTiming#call'
actionpack (7.2.3) lib/action_dispatch/middleware/server_timing.rb:26:in 'ActionDispatch::ServerTiming::Subscriber#collect_events'
actionpack (7.2.3) lib/action_dispatch/middleware/server_timing.rb:60:in 'ActionDispatch::ServerTiming#call'
actionpack (7.2.3) lib/action_dispatch/middleware/executor.rb:16:in 'ActionDispatch::Executor#call'
actionpack (7.2.3) lib/action_dispatch/middleware/static.rb:27:in 'ActionDispatch::Static#call'
rack (3.2.5) lib/rack/sendfile.rb:131:in 'Rack::Sendfile#call'
actionpack (7.2.3) lib/action_dispatch/middleware/host_authorization.rb:143:in 'ActionDispatch::HostAuthorization#call'
railties (7.2.3) lib/rails/engine.rb:535:in 'Rails::Engine#call'
puma (7.2.0) lib/puma/configuration.rb:296:in 'Puma::Configuration::ConfigMiddleware#call'
puma (7.2.0) lib/puma/request.rb:103:in 'block in Puma::Request#handle_request'
puma (7.2.0) lib/puma/thread_pool.rb:355:in 'Puma::ThreadPool#with_force_shutdown'
puma (7.2.0) lib/puma/request.rb:102:in 'Puma::Request#handle_request'
puma (7.2.0) lib/puma/server.rb:503:in 'Puma::Server#process_client'
puma (7.2.0) lib/puma/server.rb:262:in 'block in Puma::Server#run'
puma (7.2.0) lib/puma/thread_pool.rb:182:in 'block in Puma::ThreadPool#spawn_thread'
Started GET "/" for ::1 at 2026-03-27 13:51:10 +0100
  [1m[35m (7.8ms)[0m  [1m[35mCREATE TABLE "schema_migrations" ("version" varchar NOT NULL PRIMARY KEY)[0m
  [1m[35m (1.0ms)[0m  [1m[35mCREATE TABLE "ar_internal_metadata" ("key" varchar NOT NULL PRIMARY KEY, "value" varchar, "created_at" datetime(6) NOT NULL, "updated_at" datetime(6) NOT NULL)[0m
  [1m[36mActiveRecord::SchemaMigration Load (0.5ms)[0m  [1m[34mSELECT "schema_migrations"."version" FROM "schema_migrations" ORDER BY "schema_migrations"."version" ASC[0m
  
ActiveRecord::PendingMigrationError (

Migrations are pending. To resolve this issue, run:

        bin/rails db:migrate

You have 7 pending migrations:

db/migrate/20260101000000_create_users.rb
db/migrate/20260101000100_create_projects.rb
db/migrate/20260101000200_create_project_memberships.rb
db/migrate/20260101000300_create_project_threads.rb
db/migrate/20260101000400_create_messages.rb
db/migrate/20260101000500_create_attachments.rb
db/migrate/20260101000600_create_active_storage_tables.rb


):
  
activerecord (7.2.3) lib/active_record/migration.rb:756:in 'ActiveRecord::Migration.check_pending_migrations'
activerecord (7.2.3) lib/active_record/migration.rb:663:in 'block (2 levels) in ActiveRecord::Migration::CheckPending#call'
activesupport (7.2.3) lib/active_support/file_update_checker.rb:85:in 'ActiveSupport::FileUpdateChecker#execute'
activerecord (7.2.3) lib/active_record/migration.rb:668:in 'block in ActiveRecord::Migration::CheckPending#call'
activerecord (7.2.3) lib/active_record/migration.rb:660:in 'Thread::Mutex#synchronize'
activerecord (7.2.3) lib/active_record/migration.rb:660:in 'ActiveRecord::Migration::CheckPending#call'
actionpack (7.2.3) lib/action_dispatch/middleware/callbacks.rb:31:in 'block in ActionDispatch::Callbacks#call'
activesupport (7.2.3) lib/active_support/callbacks.rb:101:in 'ActiveSupport::Callbacks#run_callbacks'
actionpack (7.2.3) lib/action_dispatch/middleware/callbacks.rb:30:in 'ActionDispatch::Callbacks#call'
actionpack (7.2.3) lib/action_dispatch/middleware/executor.rb:16:in 'ActionDispatch::Executor#call'
actionpack (7.2.3) lib/action_dispatch/middleware/actionable_exceptions.rb:18:in 'ActionDispatch::ActionableExceptions#call'
actionpack (7.2.3) lib/action_dispatch/middleware/debug_exceptions.rb:31:in 'ActionDispatch::DebugExceptions#call'
web-console (4.2.1) lib/web_console/middleware.rb:132:in 'WebConsole::Middleware#call_app'
web-console (4.2.1) lib/web_console/middleware.rb:28:in 'block in WebConsole::Middleware#call'
web-console (4.2.1) lib/web_console/middleware.rb:17:in 'Kernel#catch'
web-console (4.2.1) lib/web_console/middleware.rb:17:in 'WebConsole::Middleware#call'
actionpack (7.2.3) lib/action_dispatch/middleware/show_exceptions.rb:32:in 'ActionDispatch::ShowExceptions#call'
railties (7.2.3) lib/rails/rack/logger.rb:41:in 'Rails::Rack::Logger#call_app'
railties (7.2.3) lib/rails/rack/logger.rb:29:in 'Rails::Rack::Logger#call'
sprockets-rails (3.5.2) lib/sprockets/rails/quiet_assets.rb:17:in 'Sprockets::Rails::QuietAssets#call'
actionpack (7.2.3) lib/action_dispatch/middleware/remote_ip.rb:96:in 'ActionDispatch::RemoteIp#call'
actionpack (7.2.3) lib/action_dispatch/middleware/request_id.rb:33:in 'ActionDispatch::RequestId#call'
rack (3.2.5) lib/rack/method_override.rb:28:in 'Rack::MethodOverride#call'
rack (3.2.5) lib/rack/runtime.rb:24:in 'Rack::Runtime#call'
activesupport (7.2.3) lib/active_support/cache/strategy/local_cache_middleware.rb:29:in 'ActiveSupport::Cache::Strategy::LocalCache::Middleware#call'
actionpack (7.2.3) lib/action_dispatch/middleware/server_timing.rb:61:in 'block in ActionDispatch::ServerTiming#call'
actionpack (7.2.3) lib/action_dispatch/middleware/server_timing.rb:26:in 'ActionDispatch::ServerTiming::Subscriber#collect_events'
actionpack (7.2.3) lib/action_dispatch/middleware/server_timing.rb:60:in 'ActionDispatch::ServerTiming#call'
actionpack (7.2.3) lib/action_dispatch/middleware/executor.rb:16:in 'ActionDispatch::Executor#call'
actionpack (7.2.3) lib/action_dispatch/middleware/static.rb:27:in 'ActionDispatch::Static#call'
rack (3.2.5) lib/rack/sendfile.rb:131:in 'Rack::Sendfile#call'
actionpack (7.2.3) lib/action_dispatch/middleware/host_authorization.rb:143:in 'ActionDispatch::HostAuthorization#call'
railties (7.2.3) lib/rails/engine.rb:535:in 'Rails::Engine#call'
puma (7.2.0) lib/puma/configuration.rb:296:in 'Puma::Configuration::ConfigMiddleware#call'
puma (7.2.0) lib/puma/request.rb:103:in 'block in Puma::Request#handle_request'
puma (7.2.0) lib/puma/thread_pool.rb:355:in 'Puma::ThreadPool#with_force_shutdown'
puma (7.2.0) lib/puma/request.rb:102:in 'Puma::Request#handle_request'
puma (7.2.0) lib/puma/server.rb:503:in 'Puma::Server#process_client'
puma (7.2.0) lib/puma/server.rb:262:in 'block in Puma::Server#run'
puma (7.2.0) lib/puma/thread_pool.rb:182:in 'block in Puma::ThreadPool#spawn_thread'
Started GET "/favicon.ico" for ::1 at 2026-03-27 13:51:13 +0100
  [1m[36mActiveRecord::SchemaMigration Load (0.6ms)[0m  [1m[34mSELECT "schema_migrations"."version" FROM "schema_migrations" ORDER BY "schema_migrations"."version" ASC[0m
  
ActiveRecord::PendingMigrationError (

Migrations are pending. To resolve this issue, run:

        bin/rails db:migrate

You have 7 pending migrations:

db/migrate/20260101000000_create_users.rb
db/migrate/20260101000100_create_projects.rb
db/migrate/20260101000200_create_project_memberships.rb
db/migrate/20260101000300_create_project_threads.rb
db/migrate/20260101000400_create_messages.rb
db/migrate/20260101000500_create_attachments.rb
db/migrate/20260101000600_create_active_storage_tables.rb


):
  
activerecord (7.2.3) lib/active_record/migration.rb:756:in 'ActiveRecord::Migration.check_pending_migrations'
activerecord (7.2.3) lib/active_record/migration.rb:663:in 'block (2 levels) in ActiveRecord::Migration::CheckPending#call'
activesupport (7.2.3) lib/active_support/file_update_checker.rb:85:in 'ActiveSupport::FileUpdateChecker#execute'
activerecord (7.2.3) lib/active_record/migration.rb:668:in 'block in ActiveRecord::Migration::CheckPending#call'
activerecord (7.2.3) lib/active_record/migration.rb:660:in 'Thread::Mutex#synchronize'
activerecord (7.2.3) lib/active_record/migration.rb:660:in 'ActiveRecord::Migration::CheckPending#call'
actionpack (7.2.3) lib/action_dispatch/middleware/callbacks.rb:31:in 'block in ActionDispatch::Callbacks#call'
activesupport (7.2.3) lib/active_support/callbacks.rb:101:in 'ActiveSupport::Callbacks#run_callbacks'
actionpack (7.2.3) lib/action_dispatch/middleware/callbacks.rb:30:in 'ActionDispatch::Callbacks#call'
actionpack (7.2.3) lib/action_dispatch/middleware/executor.rb:16:in 'ActionDispatch::Executor#call'
actionpack (7.2.3) lib/action_dispatch/middleware/actionable_exceptions.rb:18:in 'ActionDispatch::ActionableExceptions#call'
actionpack (7.2.3) lib/action_dispatch/middleware/debug_exceptions.rb:31:in 'ActionDispatch::DebugExceptions#call'
web-console (4.2.1) lib/web_console/middleware.rb:132:in 'WebConsole::Middleware#call_app'
web-console (4.2.1) lib/web_console/middleware.rb:28:in 'block in WebConsole::Middleware#call'
web-console (4.2.1) lib/web_console/middleware.rb:17:in 'Kernel#catch'
web-console (4.2.1) lib/web_console/middleware.rb:17:in 'WebConsole::Middleware#call'
actionpack (7.2.3) lib/action_dispatch/middleware/show_exceptions.rb:32:in 'ActionDispatch::ShowExceptions#call'
railties (7.2.3) lib/rails/rack/logger.rb:41:in 'Rails::Rack::Logger#call_app'
railties (7.2.3) lib/rails/rack/logger.rb:29:in 'Rails::Rack::Logger#call'
sprockets-rails (3.5.2) lib/sprockets/rails/quiet_assets.rb:17:in 'Sprockets::Rails::QuietAssets#call'
actionpack (7.2.3) lib/action_dispatch/middleware/remote_ip.rb:96:in 'ActionDispatch::RemoteIp#call'
actionpack (7.2.3) lib/action_dispatch/middleware/request_id.rb:33:in 'ActionDispatch::RequestId#call'
rack (3.2.5) lib/rack/method_override.rb:28:in 'Rack::MethodOverride#call'
rack (3.2.5) lib/rack/runtime.rb:24:in 'Rack::Runtime#call'
activesupport (7.2.3) lib/active_support/cache/strategy/local_cache_middleware.rb:29:in 'ActiveSupport::Cache::Strategy::LocalCache::Middleware#call'
actionpack (7.2.3) lib/action_dispatch/middleware/server_timing.rb:61:in 'block in ActionDispatch::ServerTiming#call'
actionpack (7.2.3) lib/action_dispatch/middleware/server_timing.rb:26:in 'ActionDispatch::ServerTiming::Subscriber#collect_events'
actionpack (7.2.3) lib/action_dispatch/middleware/server_timing.rb:60:in 'ActionDispatch::ServerTiming#call'
actionpack (7.2.3) lib/action_dispatch/middleware/executor.rb:16:in 'ActionDispatch::Executor#call'
actionpack (7.2.3) lib/action_dispatch/middleware/static.rb:27:in 'ActionDispatch::Static#call'
rack (3.2.5) lib/rack/sendfile.rb:131:in 'Rack::Sendfile#call'
actionpack (7.2.3) lib/action_dispatch/middleware/host_authorization.rb:143:in 'ActionDispatch::HostAuthorization#call'
railties (7.2.3) lib/rails/engine.rb:535:in 'Rails::Engine#call'
puma (7.2.0) lib/puma/configuration.rb:296:in 'Puma::Configuration::ConfigMiddleware#call'
puma (7.2.0) lib/puma/request.rb:103:in 'block in Puma::Request#handle_request'
puma (7.2.0) lib/puma/thread_pool.rb:355:in 'Puma::ThreadPool#with_force_shutdown'
puma (7.2.0) lib/puma/request.rb:102:in 'Puma::Request#handle_request'
puma (7.2.0) lib/puma/server.rb:503:in 'Puma::Server#process_client'
puma (7.2.0) lib/puma/server.rb:262:in 'block in Puma::Server#run'
puma (7.2.0) lib/puma/thread_pool.rb:182:in 'block in Puma::ThreadPool#spawn_thread'
Started GET "/" for ::1 at 2026-03-27 13:51:29 +0100
  [1m[36mActiveRecord::SchemaMigration Load (0.4ms)[0m  [1m[34mSELECT "schema_migrations"."version" FROM "schema_migrations" ORDER BY "schema_migrations"."version" ASC[0m
  
ActiveRecord::PendingMigrationError (

Migrations are pending. To resolve this issue, run:

        bin/rails db:migrate

You have 7 pending migrations:

db/migrate/20260101000000_create_users.rb
db/migrate/20260101000100_create_projects.rb
db/migrate/20260101000200_create_project_memberships.rb
db/migrate/20260101000300_create_project_threads.rb
db/migrate/20260101000400_create_messages.rb
db/migrate/20260101000500_create_attachments.rb
db/migrate/20260101000600_create_active_storage_tables.rb


):
  
activerecord (7.2.3) lib/active_record/migration.rb:756:in 'ActiveRecord::Migration.check_pending_migrations'
activerecord (7.2.3) lib/active_record/migration.rb:663:in 'block (2 levels) in ActiveRecord::Migration::CheckPending#call'
activesupport (7.2.3) lib/active_support/file_update_checker.rb:85:in 'ActiveSupport::FileUpdateChecker#execute'
activerecord (7.2.3) lib/active_record/migration.rb:668:in 'block in ActiveRecord::Migration::CheckPending#call'
activerecord (7.2.3) lib/active_record/migration.rb:660:in 'Thread::Mutex#synchronize'
activerecord (7.2.3) lib/active_record/migration.rb:660:in 'ActiveRecord::Migration::CheckPending#call'
actionpack (7.2.3) lib/action_dispatch/middleware/callbacks.rb:31:in 'block in ActionDispatch::Callbacks#call'
activesupport (7.2.3) lib/active_support/callbacks.rb:101:in 'ActiveSupport::Callbacks#run_callbacks'
actionpack (7.2.3) lib/action_dispatch/middleware/callbacks.rb:30:in 'ActionDispatch::Callbacks#call'
actionpack (7.2.3) lib/action_dispatch/middleware/executor.rb:16:in 'ActionDispatch::Executor#call'
actionpack (7.2.3) lib/action_dispatch/middleware/actionable_exceptions.rb:18:in 'ActionDispatch::ActionableExceptions#call'
actionpack (7.2.3) lib/action_dispatch/middleware/debug_exceptions.rb:31:in 'ActionDispatch::DebugExceptions#call'
web-console (4.2.1) lib/web_console/middleware.rb:132:in 'WebConsole::Middleware#call_app'
web-console (4.2.1) lib/web_console/middleware.rb:28:in 'block in WebConsole::Middleware#call'
web-console (4.2.1) lib/web_console/middleware.rb:17:in 'Kernel#catch'
web-console (4.2.1) lib/web_console/middleware.rb:17:in 'WebConsole::Middleware#call'
actionpack (7.2.3) lib/action_dispatch/middleware/show_exceptions.rb:32:in 'ActionDispatch::ShowExceptions#call'
railties (7.2.3) lib/rails/rack/logger.rb:41:in 'Rails::Rack::Logger#call_app'
railties (7.2.3) lib/rails/rack/logger.rb:29:in 'Rails::Rack::Logger#call'
sprockets-rails (3.5.2) lib/sprockets/rails/quiet_assets.rb:17:in 'Sprockets::Rails::QuietAssets#call'
actionpack (7.2.3) lib/action_dispatch/middleware/remote_ip.rb:96:in 'ActionDispatch::RemoteIp#call'
actionpack (7.2.3) lib/action_dispatch/middleware/request_id.rb:33:in 'ActionDispatch::RequestId#call'
rack (3.2.5) lib/rack/method_override.rb:28:in 'Rack::MethodOverride#call'
rack (3.2.5) lib/rack/runtime.rb:24:in 'Rack::Runtime#call'
activesupport (7.2.3) lib/active_support/cache/strategy/local_cache_middleware.rb:29:in 'ActiveSupport::Cache::Strategy::LocalCache::Middleware#call'
actionpack (7.2.3) lib/action_dispatch/middleware/server_timing.rb:61:in 'block in ActionDispatch::ServerTiming#call'
actionpack (7.2.3) lib/action_dispatch/middleware/server_timing.rb:26:in 'ActionDispatch::ServerTiming::Subscriber#collect_events'
actionpack (7.2.3) lib/action_dispatch/middleware/server_timing.rb:60:in 'ActionDispatch::ServerTiming#call'
actionpack (7.2.3) lib/action_dispatch/middleware/executor.rb:16:in 'ActionDispatch::Executor#call'
actionpack (7.2.3) lib/action_dispatch/middleware/static.rb:27:in 'ActionDispatch::Static#call'
rack (3.2.5) lib/rack/sendfile.rb:131:in 'Rack::Sendfile#call'
actionpack (7.2.3) lib/action_dispatch/middleware/host_authorization.rb:143:in 'ActionDispatch::HostAuthorization#call'
railties (7.2.3) lib/rails/engine.rb:535:in 'Rails::Engine#call'
puma (7.2.0) lib/puma/configuration.rb:296:in 'Puma::Configuration::ConfigMiddleware#call'
puma (7.2.0) lib/puma/request.rb:103:in 'block in Puma::Request#handle_request'
puma (7.2.0) lib/puma/thread_pool.rb:355:in 'Puma::ThreadPool#with_force_shutdown'
puma (7.2.0) lib/puma/request.rb:102:in 'Puma::Request#handle_request'
puma (7.2.0) lib/puma/server.rb:503:in 'Puma::Server#process_client'
puma (7.2.0) lib/puma/server.rb:262:in 'block in Puma::Server#run'
puma (7.2.0) lib/puma/thread_pool.rb:182:in 'block in Puma::ThreadPool#spawn_thread'
Started GET "/favicon.ico" for ::1 at 2026-03-27 13:51:30 +0100
  [1m[36mActiveRecord::SchemaMigration Load (0.4ms)[0m  [1m[34mSELECT "schema_migrations"."version" FROM "schema_migrations" ORDER BY "schema_migrations"."version" ASC[0m
  
ActiveRecord::PendingMigrationError (

Migrations are pending. To resolve this issue, run:

        bin/rails db:migrate

You have 7 pending migrations:

db/migrate/20260101000000_create_users.rb
db/migrate/20260101000100_create_projects.rb
db/migrate/20260101000200_create_project_memberships.rb
db/migrate/20260101000300_create_project_threads.rb
db/migrate/20260101000400_create_messages.rb
db/migrate/20260101000500_create_attachments.rb
db/migrate/20260101000600_create_active_storage_tables.rb


):
  
activerecord (7.2.3) lib/active_record/migration.rb:756:in 'ActiveRecord::Migration.check_pending_migrations'
activerecord (7.2.3) lib/active_record/migration.rb:663:in 'block (2 levels) in ActiveRecord::Migration::CheckPending#call'
activesupport (7.2.3) lib/active_support/file_update_checker.rb:85:in 'ActiveSupport::FileUpdateChecker#execute'
activerecord (7.2.3) lib/active_record/migration.rb:668:in 'block in ActiveRecord::Migration::CheckPending#call'
activerecord (7.2.3) lib/active_record/migration.rb:660:in 'Thread::Mutex#synchronize'
activerecord (7.2.3) lib/active_record/migration.rb:660:in 'ActiveRecord::Migration::CheckPending#call'
actionpack (7.2.3) lib/action_dispatch/middleware/callbacks.rb:31:in 'block in ActionDispatch::Callbacks#call'
activesupport (7.2.3) lib/active_support/callbacks.rb:101:in 'ActiveSupport::Callbacks#run_callbacks'
actionpack (7.2.3) lib/action_dispatch/middleware/callbacks.rb:30:in 'ActionDispatch::Callbacks#call'
actionpack (7.2.3) lib/action_dispatch/middleware/executor.rb:16:in 'ActionDispatch::Executor#call'
actionpack (7.2.3) lib/action_dispatch/middleware/actionable_exceptions.rb:18:in 'ActionDispatch::ActionableExceptions#call'
actionpack (7.2.3) lib/action_dispatch/middleware/debug_exceptions.rb:31:in 'ActionDispatch::DebugExceptions#call'
web-console (4.2.1) lib/web_console/middleware.rb:132:in 'WebConsole::Middleware#call_app'
web-console (4.2.1) lib/web_console/middleware.rb:28:in 'block in WebConsole::Middleware#call'
web-console (4.2.1) lib/web_console/middleware.rb:17:in 'Kernel#catch'
web-console (4.2.1) lib/web_console/middleware.rb:17:in 'WebConsole::Middleware#call'
actionpack (7.2.3) lib/action_dispatch/middleware/show_exceptions.rb:32:in 'ActionDispatch::ShowExceptions#call'
railties (7.2.3) lib/rails/rack/logger.rb:41:in 'Rails::Rack::Logger#call_app'
railties (7.2.3) lib/rails/rack/logger.rb:29:in 'Rails::Rack::Logger#call'
sprockets-rails (3.5.2) lib/sprockets/rails/quiet_assets.rb:17:in 'Sprockets::Rails::QuietAssets#call'
actionpack (7.2.3) lib/action_dispatch/middleware/remote_ip.rb:96:in 'ActionDispatch::RemoteIp#call'
actionpack (7.2.3) lib/action_dispatch/middleware/request_id.rb:33:in 'ActionDispatch::RequestId#call'
rack (3.2.5) lib/rack/method_override.rb:28:in 'Rack::MethodOverride#call'
rack (3.2.5) lib/rack/runtime.rb:24:in 'Rack::Runtime#call'
activesupport (7.2.3) lib/active_support/cache/strategy/local_cache_middleware.rb:29:in 'ActiveSupport::Cache::Strategy::LocalCache::Middleware#call'
actionpack (7.2.3) lib/action_dispatch/middleware/server_timing.rb:61:in 'block in ActionDispatch::ServerTiming#call'
actionpack (7.2.3) lib/action_dispatch/middleware/server_timing.rb:26:in 'ActionDispatch::ServerTiming::Subscriber#collect_events'
actionpack (7.2.3) lib/action_dispatch/middleware/server_timing.rb:60:in 'ActionDispatch::ServerTiming#call'
actionpack (7.2.3) lib/action_dispatch/middleware/executor.rb:16:in 'ActionDispatch::Executor#call'
actionpack (7.2.3) lib/action_dispatch/middleware/static.rb:27:in 'ActionDispatch::Static#call'
rack (3.2.5) lib/rack/sendfile.rb:131:in 'Rack::Sendfile#call'
actionpack (7.2.3) lib/action_dispatch/middleware/host_authorization.rb:143:in 'ActionDispatch::HostAuthorization#call'
railties (7.2.3) lib/rails/engine.rb:535:in 'Rails::Engine#call'
puma (7.2.0) lib/puma/configuration.rb:296:in 'Puma::Configuration::ConfigMiddleware#call'
puma (7.2.0) lib/puma/request.rb:103:in 'block in Puma::Request#handle_request'
puma (7.2.0) lib/puma/thread_pool.rb:355:in 'Puma::ThreadPool#with_force_shutdown'
puma (7.2.0) lib/puma/request.rb:102:in 'Puma::Request#handle_request'
puma (7.2.0) lib/puma/server.rb:503:in 'Puma::Server#process_client'
puma (7.2.0) lib/puma/server.rb:262:in 'block in Puma::Server#run'
puma (7.2.0) lib/puma/thread_pool.rb:182:in 'block in Puma::ThreadPool#spawn_thread'
Started GET "/" for ::1 at 2026-03-27 13:51:54 +0100
  [1m[36mActiveRecord::SchemaMigration Load (0.5ms)[0m  [1m[34mSELECT "schema_migrations"."version" FROM "schema_migrations" ORDER BY "schema_migrations"."version" ASC[0m
  
ActiveRecord::PendingMigrationError (

Migrations are pending. To resolve this issue, run:

        bin/rails db:migrate

You have 7 pending migrations:

db/migrate/20260101000000_create_users.rb
db/migrate/20260101000100_create_projects.rb
db/migrate/20260101000200_create_project_memberships.rb
db/migrate/20260101000300_create_project_threads.rb
db/migrate/20260101000400_create_messages.rb
db/migrate/20260101000500_create_attachments.rb
db/migrate/20260101000600_create_active_storage_tables.rb


):
  
activerecord (7.2.3) lib/active_record/migration.rb:756:in 'ActiveRecord::Migration.check_pending_migrations'
activerecord (7.2.3) lib/active_record/migration.rb:663:in 'block (2 levels) in ActiveRecord::Migration::CheckPending#call'
activesupport (7.2.3) lib/active_support/file_update_checker.rb:85:in 'ActiveSupport::FileUpdateChecker#execute'
activerecord (7.2.3) lib/active_record/migration.rb:668:in 'block in ActiveRecord::Migration::CheckPending#call'
activerecord (7.2.3) lib/active_record/migration.rb:660:in 'Thread::Mutex#synchronize'
activerecord (7.2.3) lib/active_record/migration.rb:660:in 'ActiveRecord::Migration::CheckPending#call'
actionpack (7.2.3) lib/action_dispatch/middleware/callbacks.rb:31:in 'block in ActionDispatch::Callbacks#call'
activesupport (7.2.3) lib/active_support/callbacks.rb:101:in 'ActiveSupport::Callbacks#run_callbacks'
actionpack (7.2.3) lib/action_dispatch/middleware/callbacks.rb:30:in 'ActionDispatch::Callbacks#call'
actionpack (7.2.3) lib/action_dispatch/middleware/executor.rb:16:in 'ActionDispatch::Executor#call'
actionpack (7.2.3) lib/action_dispatch/middleware/actionable_exceptions.rb:18:in 'ActionDispatch::ActionableExceptions#call'
actionpack (7.2.3) lib/action_dispatch/middleware/debug_exceptions.rb:31:in 'ActionDispatch::DebugExceptions#call'
web-console (4.2.1) lib/web_console/middleware.rb:132:in 'WebConsole::Middleware#call_app'
web-console (4.2.1) lib/web_console/middleware.rb:28:in 'block in WebConsole::Middleware#call'
web-console (4.2.1) lib/web_console/middleware.rb:17:in 'Kernel#catch'
web-console (4.2.1) lib/web_console/middleware.rb:17:in 'WebConsole::Middleware#call'
actionpack (7.2.3) lib/action_dispatch/middleware/show_exceptions.rb:32:in 'ActionDispatch::ShowExceptions#call'
railties (7.2.3) lib/rails/rack/logger.rb:41:in 'Rails::Rack::Logger#call_app'
railties (7.2.3) lib/rails/rack/logger.rb:29:in 'Rails::Rack::Logger#call'
sprockets-rails (3.5.2) lib/sprockets/rails/quiet_assets.rb:17:in 'Sprockets::Rails::QuietAssets#call'
actionpack (7.2.3) lib/action_dispatch/middleware/remote_ip.rb:96:in 'ActionDispatch::RemoteIp#call'
actionpack (7.2.3) lib/action_dispatch/middleware/request_id.rb:33:in 'ActionDispatch::RequestId#call'
rack (3.2.5) lib/rack/method_override.rb:28:in 'Rack::MethodOverride#call'
rack (3.2.5) lib/rack/runtime.rb:24:in 'Rack::Runtime#call'
activesupport (7.2.3) lib/active_support/cache/strategy/local_cache_middleware.rb:29:in 'ActiveSupport::Cache::Strategy::LocalCache::Middleware#call'
actionpack (7.2.3) lib/action_dispatch/middleware/server_timing.rb:61:in 'block in ActionDispatch::ServerTiming#call'
actionpack (7.2.3) lib/action_dispatch/middleware/server_timing.rb:26:in 'ActionDispatch::ServerTiming::Subscriber#collect_events'
actionpack (7.2.3) lib/action_dispatch/middleware/server_timing.rb:60:in 'ActionDispatch::ServerTiming#call'
actionpack (7.2.3) lib/action_dispatch/middleware/executor.rb:16:in 'ActionDispatch::Executor#call'
actionpack (7.2.3) lib/action_dispatch/middleware/static.rb:27:in 'ActionDispatch::Static#call'
rack (3.2.5) lib/rack/sendfile.rb:131:in 'Rack::Sendfile#call'
actionpack (7.2.3) lib/action_dispatch/middleware/host_authorization.rb:143:in 'ActionDispatch::HostAuthorization#call'
railties (7.2.3) lib/rails/engine.rb:535:in 'Rails::Engine#call'
puma (7.2.0) lib/puma/configuration.rb:296:in 'Puma::Configuration::ConfigMiddleware#call'
puma (7.2.0) lib/puma/request.rb:103:in 'block in Puma::Request#handle_request'
puma (7.2.0) lib/puma/thread_pool.rb:355:in 'Puma::ThreadPool#with_force_shutdown'
puma (7.2.0) lib/puma/request.rb:102:in 'Puma::Request#handle_request'
puma (7.2.0) lib/puma/server.rb:503:in 'Puma::Server#process_client'
puma (7.2.0) lib/puma/server.rb:262:in 'block in Puma::Server#run'
puma (7.2.0) lib/puma/thread_pool.rb:182:in 'block in Puma::ThreadPool#spawn_thread'
Started GET "/favicon.ico" for ::1 at 2026-03-27 13:51:55 +0100
  [1m[36mActiveRecord::SchemaMigration Load (0.4ms)[0m  [1m[34mSELECT "schema_migrations"."version" FROM "schema_migrations" ORDER BY "schema_migrations"."version" ASC[0m
  
ActiveRecord::PendingMigrationError (

Migrations are pending. To resolve this issue, run:

        bin/rails db:migrate

You have 7 pending migrations:

db/migrate/20260101000000_create_users.rb
db/migrate/20260101000100_create_projects.rb
db/migrate/20260101000200_create_project_memberships.rb
db/migrate/20260101000300_create_project_threads.rb
db/migrate/20260101000400_create_messages.rb
db/migrate/20260101000500_create_attachments.rb
db/migrate/20260101000600_create_active_storage_tables.rb


):
  
activerecord (7.2.3) lib/active_record/migration.rb:756:in 'ActiveRecord::Migration.check_pending_migrations'
activerecord (7.2.3) lib/active_record/migration.rb:663:in 'block (2 levels) in ActiveRecord::Migration::CheckPending#call'
activesupport (7.2.3) lib/active_support/file_update_checker.rb:85:in 'ActiveSupport::FileUpdateChecker#execute'
activerecord (7.2.3) lib/active_record/migration.rb:668:in 'block in ActiveRecord::Migration::CheckPending#call'
activerecord (7.2.3) lib/active_record/migration.rb:660:in 'Thread::Mutex#synchronize'
activerecord (7.2.3) lib/active_record/migration.rb:660:in 'ActiveRecord::Migration::CheckPending#call'
actionpack (7.2.3) lib/action_dispatch/middleware/callbacks.rb:31:in 'block in ActionDispatch::Callbacks#call'
activesupport (7.2.3) lib/active_support/callbacks.rb:101:in 'ActiveSupport::Callbacks#run_callbacks'
actionpack (7.2.3) lib/action_dispatch/middleware/callbacks.rb:30:in 'ActionDispatch::Callbacks#call'
actionpack (7.2.3) lib/action_dispatch/middleware/executor.rb:16:in 'ActionDispatch::Executor#call'
actionpack (7.2.3) lib/action_dispatch/middleware/actionable_exceptions.rb:18:in 'ActionDispatch::ActionableExceptions#call'
actionpack (7.2.3) lib/action_dispatch/middleware/debug_exceptions.rb:31:in 'ActionDispatch::DebugExceptions#call'
web-console (4.2.1) lib/web_console/middleware.rb:132:in 'WebConsole::Middleware#call_app'
web-console (4.2.1) lib/web_console/middleware.rb:28:in 'block in WebConsole::Middleware#call'
web-console (4.2.1) lib/web_console/middleware.rb:17:in 'Kernel#catch'
web-console (4.2.1) lib/web_console/middleware.rb:17:in 'WebConsole::Middleware#call'
actionpack (7.2.3) lib/action_dispatch/middleware/show_exceptions.rb:32:in 'ActionDispatch::ShowExceptions#call'
railties (7.2.3) lib/rails/rack/logger.rb:41:in 'Rails::Rack::Logger#call_app'
railties (7.2.3) lib/rails/rack/logger.rb:29:in 'Rails::Rack::Logger#call'
sprockets-rails (3.5.2) lib/sprockets/rails/quiet_assets.rb:17:in 'Sprockets::Rails::QuietAssets#call'
actionpack (7.2.3) lib/action_dispatch/middleware/remote_ip.rb:96:in 'ActionDispatch::RemoteIp#call'
actionpack (7.2.3) lib/action_dispatch/middleware/request_id.rb:33:in 'ActionDispatch::RequestId#call'
rack (3.2.5) lib/rack/method_override.rb:28:in 'Rack::MethodOverride#call'
rack (3.2.5) lib/rack/runtime.rb:24:in 'Rack::Runtime#call'
activesupport (7.2.3) lib/active_support/cache/strategy/local_cache_middleware.rb:29:in 'ActiveSupport::Cache::Strategy::LocalCache::Middleware#call'
actionpack (7.2.3) lib/action_dispatch/middleware/server_timing.rb:61:in 'block in ActionDispatch::ServerTiming#call'
actionpack (7.2.3) lib/action_dispatch/middleware/server_timing.rb:26:in 'ActionDispatch::ServerTiming::Subscriber#collect_events'
actionpack (7.2.3) lib/action_dispatch/middleware/server_timing.rb:60:in 'ActionDispatch::ServerTiming#call'
actionpack (7.2.3) lib/action_dispatch/middleware/executor.rb:16:in 'ActionDispatch::Executor#call'
actionpack (7.2.3) lib/action_dispatch/middleware/static.rb:27:in 'ActionDispatch::Static#call'
rack (3.2.5) lib/rack/sendfile.rb:131:in 'Rack::Sendfile#call'
actionpack (7.2.3) lib/action_dispatch/middleware/host_authorization.rb:143:in 'ActionDispatch::HostAuthorization#call'
railties (7.2.3) lib/rails/engine.rb:535:in 'Rails::Engine#call'
puma (7.2.0) lib/puma/configuration.rb:296:in 'Puma::Configuration::ConfigMiddleware#call'
puma (7.2.0) lib/puma/request.rb:103:in 'block in Puma::Request#handle_request'
puma (7.2.0) lib/puma/thread_pool.rb:355:in 'Puma::ThreadPool#with_force_shutdown'
puma (7.2.0) lib/puma/request.rb:102:in 'Puma::Request#handle_request'
puma (7.2.0) lib/puma/server.rb:503:in 'Puma::Server#process_client'
puma (7.2.0) lib/puma/server.rb:262:in 'block in Puma::Server#run'
puma (7.2.0) lib/puma/thread_pool.rb:182:in 'block in Puma::ThreadPool#spawn_thread'
Started GET "/" for ::1 at 2026-03-27 14:19:44 +0100
  [1m[36mActiveRecord::SchemaMigration Load (0.6ms)[0m  [1m[34mSELECT "schema_migrations"."version" FROM "schema_migrations" ORDER BY "schema_migrations"."version" ASC[0m
  
ActiveRecord::PendingMigrationError (

Migrations are pending. To resolve this issue, run:

        bin/rails db:migrate

You have 7 pending migrations:

db/migrate/20260101000000_create_users.rb
db/migrate/20260101000100_create_projects.rb
db/migrate/20260101000200_create_project_memberships.rb
db/migrate/20260101000300_create_project_threads.rb
db/migrate/20260101000400_create_messages.rb
db/migrate/20260101000500_create_attachments.rb
db/migrate/20260101000600_create_active_storage_tables.rb


):
  
activerecord (7.2.3) lib/active_record/migration.rb:756:in 'ActiveRecord::Migration.check_pending_migrations'
activerecord (7.2.3) lib/active_record/migration.rb:663:in 'block (2 levels) in ActiveRecord::Migration::CheckPending#call'
activesupport (7.2.3) lib/active_support/file_update_checker.rb:85:in 'ActiveSupport::FileUpdateChecker#execute'
activerecord (7.2.3) lib/active_record/migration.rb:668:in 'block in ActiveRecord::Migration::CheckPending#call'
activerecord (7.2.3) lib/active_record/migration.rb:660:in 'Thread::Mutex#synchronize'
activerecord (7.2.3) lib/active_record/migration.rb:660:in 'ActiveRecord::Migration::CheckPending#call'
actionpack (7.2.3) lib/action_dispatch/middleware/callbacks.rb:31:in 'block in ActionDispatch::Callbacks#call'
activesupport (7.2.3) lib/active_support/callbacks.rb:101:in 'ActiveSupport::Callbacks#run_callbacks'
actionpack (7.2.3) lib/action_dispatch/middleware/callbacks.rb:30:in 'ActionDispatch::Callbacks#call'
actionpack (7.2.3) lib/action_dispatch/middleware/executor.rb:16:in 'ActionDispatch::Executor#call'
actionpack (7.2.3) lib/action_dispatch/middleware/actionable_exceptions.rb:18:in 'ActionDispatch::ActionableExceptions#call'
actionpack (7.2.3) lib/action_dispatch/middleware/debug_exceptions.rb:31:in 'ActionDispatch::DebugExceptions#call'
web-console (4.2.1) lib/web_console/middleware.rb:132:in 'WebConsole::Middleware#call_app'
web-console (4.2.1) lib/web_console/middleware.rb:28:in 'block in WebConsole::Middleware#call'
web-console (4.2.1) lib/web_console/middleware.rb:17:in 'Kernel#catch'
web-console (4.2.1) lib/web_console/middleware.rb:17:in 'WebConsole::Middleware#call'
actionpack (7.2.3) lib/action_dispatch/middleware/show_exceptions.rb:32:in 'ActionDispatch::ShowExceptions#call'
railties (7.2.3) lib/rails/rack/logger.rb:41:in 'Rails::Rack::Logger#call_app'
railties (7.2.3) lib/rails/rack/logger.rb:29:in 'Rails::Rack::Logger#call'
sprockets-rails (3.5.2) lib/sprockets/rails/quiet_assets.rb:17:in 'Sprockets::Rails::QuietAssets#call'
actionpack (7.2.3) lib/action_dispatch/middleware/remote_ip.rb:96:in 'ActionDispatch::RemoteIp#call'
actionpack (7.2.3) lib/action_dispatch/middleware/request_id.rb:33:in 'ActionDispatch::RequestId#call'
rack (3.2.5) lib/rack/method_override.rb:28:in 'Rack::MethodOverride#call'
rack (3.2.5) lib/rack/runtime.rb:24:in 'Rack::Runtime#call'
activesupport (7.2.3) lib/active_support/cache/strategy/local_cache_middleware.rb:29:in 'ActiveSupport::Cache::Strategy::LocalCache::Middleware#call'
actionpack (7.2.3) lib/action_dispatch/middleware/server_timing.rb:61:in 'block in ActionDispatch::ServerTiming#call'
actionpack (7.2.3) lib/action_dispatch/middleware/server_timing.rb:26:in 'ActionDispatch::ServerTiming::Subscriber#collect_events'
actionpack (7.2.3) lib/action_dispatch/middleware/server_timing.rb:60:in 'ActionDispatch::ServerTiming#call'
actionpack (7.2.3) lib/action_dispatch/middleware/executor.rb:16:in 'ActionDispatch::Executor#call'
actionpack (7.2.3) lib/action_dispatch/middleware/static.rb:27:in 'ActionDispatch::Static#call'
rack (3.2.5) lib/rack/sendfile.rb:131:in 'Rack::Sendfile#call'
actionpack (7.2.3) lib/action_dispatch/middleware/host_authorization.rb:143:in 'ActionDispatch::HostAuthorization#call'
railties (7.2.3) lib/rails/engine.rb:535:in 'Rails::Engine#call'
puma (7.2.0) lib/puma/configuration.rb:296:in 'Puma::Configuration::ConfigMiddleware#call'
puma (7.2.0) lib/puma/request.rb:103:in 'block in Puma::Request#handle_request'
puma (7.2.0) lib/puma/thread_pool.rb:355:in 'Puma::ThreadPool#with_force_shutdown'
puma (7.2.0) lib/puma/request.rb:102:in 'Puma::Request#handle_request'
puma (7.2.0) lib/puma/server.rb:503:in 'Puma::Server#process_client'
puma (7.2.0) lib/puma/server.rb:262:in 'block in Puma::Server#run'
puma (7.2.0) lib/puma/thread_pool.rb:182:in 'block in Puma::ThreadPool#spawn_thread'
Started GET "/favicon.ico" for ::1 at 2026-03-27 14:19:46 +0100
  [1m[36mActiveRecord::SchemaMigration Load (0.5ms)[0m  [1m[34mSELECT "schema_migrations"."version" FROM "schema_migrations" ORDER BY "schema_migrations"."version" ASC[0m
  
ActiveRecord::PendingMigrationError (

Migrations are pending. To resolve this issue, run:

        bin/rails db:migrate

You have 7 pending migrations:

db/migrate/20260101000000_create_users.rb
db/migrate/20260101000100_create_projects.rb
db/migrate/20260101000200_create_project_memberships.rb
db/migrate/20260101000300_create_project_threads.rb
db/migrate/20260101000400_create_messages.rb
db/migrate/20260101000500_create_attachments.rb
db/migrate/20260101000600_create_active_storage_tables.rb


):
  
activerecord (7.2.3) lib/active_record/migration.rb:756:in 'ActiveRecord::Migration.check_pending_migrations'
activerecord (7.2.3) lib/active_record/migration.rb:663:in 'block (2 levels) in ActiveRecord::Migration::CheckPending#call'
activesupport (7.2.3) lib/active_support/file_update_checker.rb:85:in 'ActiveSupport::FileUpdateChecker#execute'
activerecord (7.2.3) lib/active_record/migration.rb:668:in 'block in ActiveRecord::Migration::CheckPending#call'
activerecord (7.2.3) lib/active_record/migration.rb:660:in 'Thread::Mutex#synchronize'
activerecord (7.2.3) lib/active_record/migration.rb:660:in 'ActiveRecord::Migration::CheckPending#call'
actionpack (7.2.3) lib/action_dispatch/middleware/callbacks.rb:31:in 'block in ActionDispatch::Callbacks#call'
activesupport (7.2.3) lib/active_support/callbacks.rb:101:in 'ActiveSupport::Callbacks#run_callbacks'
actionpack (7.2.3) lib/action_dispatch/middleware/callbacks.rb:30:in 'ActionDispatch::Callbacks#call'
actionpack (7.2.3) lib/action_dispatch/middleware/executor.rb:16:in 'ActionDispatch::Executor#call'
actionpack (7.2.3) lib/action_dispatch/middleware/actionable_exceptions.rb:18:in 'ActionDispatch::ActionableExceptions#call'
actionpack (7.2.3) lib/action_dispatch/middleware/debug_exceptions.rb:31:in 'ActionDispatch::DebugExceptions#call'
web-console (4.2.1) lib/web_console/middleware.rb:132:in 'WebConsole::Middleware#call_app'
web-console (4.2.1) lib/web_console/middleware.rb:28:in 'block in WebConsole::Middleware#call'
web-console (4.2.1) lib/web_console/middleware.rb:17:in 'Kernel#catch'
web-console (4.2.1) lib/web_console/middleware.rb:17:in 'WebConsole::Middleware#call'
actionpack (7.2.3) lib/action_dispatch/middleware/show_exceptions.rb:32:in 'ActionDispatch::ShowExceptions#call'
railties (7.2.3) lib/rails/rack/logger.rb:41:in 'Rails::Rack::Logger#call_app'
railties (7.2.3) lib/rails/rack/logger.rb:29:in 'Rails::Rack::Logger#call'
sprockets-rails (3.5.2) lib/sprockets/rails/quiet_assets.rb:17:in 'Sprockets::Rails::QuietAssets#call'
actionpack (7.2.3) lib/action_dispatch/middleware/remote_ip.rb:96:in 'ActionDispatch::RemoteIp#call'
actionpack (7.2.3) lib/action_dispatch/middleware/request_id.rb:33:in 'ActionDispatch::RequestId#call'
rack (3.2.5) lib/rack/method_override.rb:28:in 'Rack::MethodOverride#call'
rack (3.2.5) lib/rack/runtime.rb:24:in 'Rack::Runtime#call'
activesupport (7.2.3) lib/active_support/cache/strategy/local_cache_middleware.rb:29:in 'ActiveSupport::Cache::Strategy::LocalCache::Middleware#call'
actionpack (7.2.3) lib/action_dispatch/middleware/server_timing.rb:61:in 'block in ActionDispatch::ServerTiming#call'
actionpack (7.2.3) lib/action_dispatch/middleware/server_timing.rb:26:in 'ActionDispatch::ServerTiming::Subscriber#collect_events'
actionpack (7.2.3) lib/action_dispatch/middleware/server_timing.rb:60:in 'ActionDispatch::ServerTiming#call'
actionpack (7.2.3) lib/action_dispatch/middleware/executor.rb:16:in 'ActionDispatch::Executor#call'
actionpack (7.2.3) lib/action_dispatch/middleware/static.rb:27:in 'ActionDispatch::Static#call'
rack (3.2.5) lib/rack/sendfile.rb:131:in 'Rack::Sendfile#call'
actionpack (7.2.3) lib/action_dispatch/middleware/host_authorization.rb:143:in 'ActionDispatch::HostAuthorization#call'
railties (7.2.3) lib/rails/engine.rb:535:in 'Rails::Engine#call'
puma (7.2.0) lib/puma/configuration.rb:296:in 'Puma::Configuration::ConfigMiddleware#call'
puma (7.2.0) lib/puma/request.rb:103:in 'block in Puma::Request#handle_request'
puma (7.2.0) lib/puma/thread_pool.rb:355:in 'Puma::ThreadPool#with_force_shutdown'
puma (7.2.0) lib/puma/request.rb:102:in 'Puma::Request#handle_request'
puma (7.2.0) lib/puma/server.rb:503:in 'Puma::Server#process_client'
puma (7.2.0) lib/puma/server.rb:262:in 'block in Puma::Server#run'
puma (7.2.0) lib/puma/thread_pool.rb:182:in 'block in Puma::ThreadPool#spawn_thread'
  [1m[36mActiveRecord::InternalMetadata Load (1.9ms)[0m  [1m[34mSELECT * FROM "ar_internal_metadata" WHERE "ar_internal_metadata"."key" = ? ORDER BY "ar_internal_metadata"."key" ASC LIMIT 1[0m  [[nil, "environment"]]
  [1m[36mActiveRecord::InternalMetadata Create (9.7ms)[0m  [1m[32mINSERT INTO "ar_internal_metadata" ("key", "value", "created_at", "updated_at") VALUES ('environment', 'development', '2026-03-27 13:22:40.308326', '2026-03-27 13:22:40.308337') RETURNING "key"[0m
  [1m[36mActiveRecord::SchemaMigration Load (0.7ms)[0m  [1m[34mSELECT "schema_migrations"."version" FROM "schema_migrations" ORDER BY "schema_migrations"."version" ASC[0m
Migrating to CreateUsers (20260101000000)
  [1m[36mTRANSACTION (0.2ms)[0m  [1m[36mbegin transaction[0m
  [1m[35m (15.6ms)[0m  [1m[35mCREATE TABLE "users" ("id" integer PRIMARY KEY AUTOINCREMENT NOT NULL, "name" varchar NOT NULL, "email" varchar NOT NULL, "password_digest" varchar NOT NULL, "created_at" datetime(6) NOT NULL, "updated_at" datetime(6) NOT NULL)[0m
  [1m[35m (0.6ms)[0m  [1m[35mCREATE UNIQUE INDEX "index_users_on_email" ON "users" ("email")[0m
  [1m[36mActiveRecord::SchemaMigration Create (0.7ms)[0m  [1m[32mINSERT INTO "schema_migrations" ("version") VALUES ('20260101000000') RETURNING "version"[0m
  [1m[36mTRANSACTION (4.4ms)[0m  [1m[36mcommit transaction[0m
Migrating to CreateProjects (20260101000100)
  [1m[36mTRANSACTION (0.2ms)[0m  [1m[36mbegin transaction[0m
  [1m[35m (12.3ms)[0m  [1m[35mCREATE TABLE "projects" ("id" integer PRIMARY KEY AUTOINCREMENT NOT NULL, "title" varchar NOT NULL, "description" text, "owner_id" integer NOT NULL, "created_at" datetime(6) NOT NULL, "updated_at" datetime(6) NOT NULL, CONSTRAINT "fk_rails_219ef9bf7d"
FOREIGN KEY ("owner_id")
  REFERENCES "users" ("id")
)[0m
  [1m[35m (0.5ms)[0m  [1m[35mCREATE INDEX "index_projects_on_owner_id" ON "projects" ("owner_id")[0m
  [1m[36mActiveRecord::SchemaMigration Create (0.8ms)[0m  [1m[32mINSERT INTO "schema_migrations" ("version") VALUES ('20260101000100') RETURNING "version"[0m
  [1m[36mTRANSACTION (0.6ms)[0m  [1m[36mcommit transaction[0m
Migrating to CreateProjectMemberships (20260101000200)
  [1m[36mTRANSACTION (0.2ms)[0m  [1m[36mbegin transaction[0m
  [1m[35m (12.5ms)[0m  [1m[35mCREATE TABLE "project_memberships" ("id" integer PRIMARY KEY AUTOINCREMENT NOT NULL, "user_id" integer NOT NULL, "project_id" integer NOT NULL, "admin" boolean DEFAULT 0 NOT NULL, "created_at" datetime(6) NOT NULL, "updated_at" datetime(6) NOT NULL, CONSTRAINT "fk_rails_86b046ec96"
FOREIGN KEY ("user_id")
  REFERENCES "users" ("id")
, CONSTRAINT "fk_rails_18b611e244"
FOREIGN KEY ("project_id")
  REFERENCES "projects" ("id")
)[0m
  [1m[35m (0.9ms)[0m  [1m[35mCREATE INDEX "index_project_memberships_on_user_id" ON "project_memberships" ("user_id")[0m
  [1m[35m (0.7ms)[0m  [1m[35mCREATE INDEX "index_project_memberships_on_project_id" ON "project_memberships" ("project_id")[0m
  [1m[35m (3.3ms)[0m  [1m[35mCREATE UNIQUE INDEX "index_project_memberships_on_user_id_and_project_id" ON "project_memberships" ("user_id", "project_id")[0m
  [1m[36mActiveRecord::SchemaMigration Create (0.6ms)[0m  [1m[32mINSERT INTO "schema_migrations" ("version") VALUES ('20260101000200') RETURNING "version"[0m
  [1m[36mTRANSACTION (1.4ms)[0m  [1m[36mcommit transaction[0m
Migrating to CreateProjectThreads (20260101000300)
  [1m[36mTRANSACTION (0.2ms)[0m  [1m[36mbegin transaction[0m
  [1m[35m (9.8ms)[0m  [1m[35mCREATE TABLE "project_threads" ("id" integer PRIMARY KEY AUTOINCREMENT NOT NULL, "project_id" integer NOT NULL, "user_id" integer NOT NULL, "title" varchar NOT NULL, "body" text, "created_at" datetime(6) NOT NULL, "updated_at" datetime(6) NOT NULL, CONSTRAINT "fk_rails_5ade745d81"
FOREIGN KEY ("project_id")
  REFERENCES "projects" ("id")
, CONSTRAINT "fk_rails_efeb6b4a30"
FOREIGN KEY ("user_id")
  REFERENCES "users" ("id")
)[0m
  [1m[35m (0.9ms)[0m  [1m[35mCREATE INDEX "index_project_threads_on_project_id" ON "project_threads" ("project_id")[0m
  [1m[35m (0.6ms)[0m  [1m[35mCREATE INDEX "index_project_threads_on_user_id" ON "project_threads" ("user_id")[0m
  [1m[36mActiveRecord::SchemaMigration Create (2.2ms)[0m  [1m[32mINSERT INTO "schema_migrations" ("version") VALUES ('20260101000300') RETURNING "version"[0m
  [1m[36mTRANSACTION (1.1ms)[0m  [1m[36mcommit transaction[0m
Migrating to CreateMessages (20260101000400)
  [1m[36mTRANSACTION (0.2ms)[0m  [1m[36mbegin transaction[0m
  [1m[35m (16.6ms)[0m  [1m[35mCREATE TABLE "messages" ("id" integer PRIMARY KEY AUTOINCREMENT NOT NULL, "project_thread_id" integer NOT NULL, "user_id" integer NOT NULL, "body" text NOT NULL, "created_at" datetime(6) NOT NULL, "updated_at" datetime(6) NOT NULL, CONSTRAINT "fk_rails_4a7a556a64"
FOREIGN KEY ("project_thread_id")
  REFERENCES "project_threads" ("id")
, CONSTRAINT "fk_rails_273a25a7a6"
FOREIGN KEY ("user_id")
  REFERENCES "users" ("id")
)[0m
  [1m[35m (0.6ms)[0m  [1m[35mCREATE INDEX "index_messages_on_project_thread_id" ON "messages" ("project_thread_id")[0m
  [1m[35m (0.9ms)[0m  [1m[35mCREATE INDEX "index_messages_on_user_id" ON "messages" ("user_id")[0m
  [1m[36mActiveRecord::SchemaMigration Create (0.8ms)[0m  [1m[32mINSERT INTO "schema_migrations" ("version") VALUES ('20260101000400') RETURNING "version"[0m
  [1m[36mTRANSACTION (2.4ms)[0m  [1m[36mcommit transaction[0m
Migrating to CreateAttachments (20260101000500)
  [1m[36mTRANSACTION (0.2ms)[0m  [1m[36mbegin transaction[0m
  [1m[35m (18.8ms)[0m  [1m[35mCREATE TABLE "attachments" ("id" integer PRIMARY KEY AUTOINCREMENT NOT NULL, "project_id" integer NOT NULL, "user_id" integer NOT NULL, "filename" varchar NOT NULL, "content_type" varchar, "created_at" datetime(6) NOT NULL, "updated_at" datetime(6) NOT NULL, CONSTRAINT "fk_rails_9153dd4cbc"
FOREIGN KEY ("project_id")
  REFERENCES "projects" ("id")
, CONSTRAINT "fk_rails_5650a5e7db"
FOREIGN KEY ("user_id")
  REFERENCES "users" ("id")
)[0m
  [1m[35m (0.7ms)[0m  [1m[35mCREATE INDEX "index_attachments_on_project_id" ON "attachments" ("project_id")[0m
  [1m[35m (2.0ms)[0m  [1m[35mCREATE INDEX "index_attachments_on_user_id" ON "attachments" ("user_id")[0m
  [1m[36mActiveRecord::SchemaMigration Create (0.7ms)[0m  [1m[32mINSERT INTO "schema_migrations" ("version") VALUES ('20260101000500') RETURNING "version"[0m
  [1m[36mTRANSACTION (0.7ms)[0m  [1m[36mcommit transaction[0m
Migrating to CreateActiveStorageTables (20260101000600)
  [1m[36mTRANSACTION (0.3ms)[0m  [1m[36mbegin transaction[0m
  [1m[35m (16.8ms)[0m  [1m[35mCREATE TABLE "active_storage_blobs" ("id" integer PRIMARY KEY AUTOINCREMENT NOT NULL, "key" varchar NOT NULL, "filename" varchar NOT NULL, "content_type" varchar, "metadata" text, "byte_size" bigint NOT NULL, "checksum" varchar NOT NULL, "created_at" datetime(6) NOT NULL)[0m
  [1m[35m (0.7ms)[0m  [1m[35mCREATE UNIQUE INDEX "index_active_storage_blobs_on_key" ON "active_storage_blobs" ("key")[0m
  [1m[35m (0.6ms)[0m  [1m[35mCREATE TABLE "active_storage_attachments" ("id" integer PRIMARY KEY AUTOINCREMENT NOT NULL, "name" varchar NOT NULL, "record_type" varchar NOT NULL, "record_id" integer NOT NULL, "blob_id" integer NOT NULL, "created_at" datetime(6) NOT NULL, CONSTRAINT "fk_rails_c3b3935057"
FOREIGN KEY ("blob_id")
  REFERENCES "active_storage_blobs" ("id")
)[0m
  [1m[35m (2.0ms)[0m  [1m[35mCREATE INDEX "index_active_storage_attachments_on_blob_id" ON "active_storage_attachments" ("blob_id")[0m
  [1m[35m (0.5ms)[0m  [1m[35mCREATE UNIQUE INDEX "index_active_storage_attachments_uniqueness" ON "active_storage_attachments" ("record_type", "record_id", "name", "blob_id")[0m
  [1m[35m (0.9ms)[0m  [1m[35mCREATE TABLE "active_storage_variant_records" ("id" integer PRIMARY KEY AUTOINCREMENT NOT NULL, "blob_id" integer NOT NULL, "variation_digest" varchar NOT NULL, CONSTRAINT "fk_rails_993965df05"
FOREIGN KEY ("blob_id")
  REFERENCES "active_storage_blobs" ("id")
)[0m
  [1m[35m (0.7ms)[0m  [1m[35mCREATE UNIQUE INDEX "index_active_storage_variant_records_uniqueness" ON "active_storage_variant_records" ("blob_id", "variation_digest")[0m
  [1m[36mActiveRecord::SchemaMigration Create (1.5ms)[0m  [1m[32mINSERT INTO "schema_migrations" ("version") VALUES ('20260101000600') RETURNING "version"[0m
  [1m[36mTRANSACTION (1.5ms)[0m  [1m[36mcommit transaction[0m
  [1m[36mActiveRecord::SchemaMigration Load (0.4ms)[0m  [1m[34mSELECT "schema_migrations"."version" FROM "schema_migrations" ORDER BY "schema_migrations"."version" ASC[0m
  [1m[36mActiveRecord::SchemaMigration Load (0.6ms)[0m  [1m[34mSELECT "schema_migrations"."version" FROM "schema_migrations" ORDER BY "schema_migrations"."version" ASC[0m
  [1m[36mActiveRecord::SchemaMigration Load (0.6ms)[0m  [1m[34mSELECT "schema_migrations"."version" FROM "schema_migrations" ORDER BY "schema_migrations"."version" ASC[0m
  [1m[36mActiveRecord::SchemaMigration Load (0.6ms)[0m  [1m[34mSELECT "schema_migrations"."version" FROM "schema_migrations" ORDER BY "schema_migrations"."version" ASC[0m
Started GET "/" for ::1 at 2026-03-27 14:32:54 +0100
  [1m[36mActiveRecord::SchemaMigration Load (0.6ms)[0m  [1m[34mSELECT "schema_migrations"."version" FROM "schema_migrations" ORDER BY "schema_migrations"."version" ASC[0m
Processing by ProjectsController#index as HTML
Redirected to http://localhost:3000/login
Filter chain halted as :require_login rendered or redirected
Completed 302 Found in 2005ms (ActiveRecord: 0.0ms (0 queries, 0 cached) | GC: 0.0ms)


Started GET "/login" for ::1 at 2026-03-27 14:32:57 +0100
Processing by SessionsController#new as HTML
  Rendering layout layouts/application.html.erb
  Rendering sessions/new.html.erb within layouts/application
  Rendered sessions/new.html.erb within layouts/application (Duration: 592.6ms | GC: 0.0ms)
  Rendered layout layouts/application.html.erb (Duration: 7740.4ms | GC: 46.9ms)
Completed 500 Internal Server Error in 8649ms (ActiveRecord: 0.0ms (0 queries, 0 cached) | GC: 46.9ms)


  
ActionView::Template::Error (Permission denied @ rb_file_s_rename - (C:/Users/OGTL_ADMIN/Desktop/my_Basecamp2/tmp/cache/assets/sprockets/v4.0.0/gU/gUnkbWXZ0nFac0qITyy4_PI6PTcOXJH_of4XZtGxfNU.cache.11032.128.272487, C:/Users/OGTL_ADMIN/Desktop/my_Basecamp2/tmp/cache/assets/sprockets/v4.0.0/gU/gUnkbWXZ0nFac0qITyy4_PI6PTcOXJH_of4XZtGxfNU.cache)):

Causes:
Errno::EACCES (Permission denied @ rb_file_s_rename - (C:/Users/OGTL_ADMIN/Desktop/my_Basecamp2/tmp/cache/assets/sprockets/v4.0.0/gU/gUnkbWXZ0nFac0qITyy4_PI6PTcOXJH_of4XZtGxfNU.cache.11032.128.272487, C:/Users/OGTL_ADMIN/Desktop/my_Basecamp2/tmp/cache/assets/sprockets/v4.0.0/gU/gUnkbWXZ0nFac0qITyy4_PI6PTcOXJH_of4XZtGxfNU.cache))
  
sprockets (4.2.2) lib/sprockets/path_utils.rb:362:in 'File.rename'
sprockets (4.2.2) lib/sprockets/path_utils.rb:362:in 'Sprockets::PathUtils#atomic_write'
sprockets (4.2.2) lib/sprockets/cache/file_store.rb:112:in 'Sprockets::Cache::FileStore#set'
sprockets (4.2.2) lib/sprockets/cache.rb:227:in 'Sprockets::Cache::GetWrapper#set'
sprockets (4.2.2) lib/sprockets/cache.rb:143:in 'Sprockets::Cache#set'
sprockets (4.2.2) lib/sprockets/loader.rb:268:in 'Sprockets::Loader#store_asset'
sprockets (4.2.2) lib/sprockets/loader.rb:228:in 'Sprockets::Loader#load_from_unloaded'
sprockets (4.2.2) lib/sprockets/loader.rb:59:in 'block in Sprockets::Loader#load'
sprockets (4.2.2) lib/sprockets/loader.rb:339:in 'Sprockets::Loader#fetch_asset_from_dependency_cache'
sprockets (4.2.2) lib/sprockets/loader.rb:43:in 'Sprockets::Loader#load'
sprockets (4.2.2) lib/sprockets/cached_environment.rb:44:in 'block in Sprockets::CachedEnvironment#load'
concurrent-ruby (1.3.6) lib/concurrent-ruby/concurrent/map.rb:207:in 'block in Concurrent::Map#fetch_or_store'
concurrent-ruby (1.3.6) lib/concurrent-ruby/concurrent/map.rb:187:in 'Concurrent::Map#fetch'
concurrent-ruby (1.3.6) lib/concurrent-ruby/concurrent/map.rb:206:in 'Concurrent::Map#fetch_or_store'
sprockets (4.2.2) lib/sprockets/cached_environment.rb:44:in 'Sprockets::CachedEnvironment#load'
sprockets (4.2.2) lib/sprockets/context.rb:117:in 'Sprockets::Context#load'
sprockets (4.2.2) lib/sprockets/context.rb:145:in 'Sprockets::Context#depend_on_asset'
sprockets (4.2.2) lib/sprockets/context.rb:185:in 'Sprockets::Context#link_asset'
sprockets-rails (3.5.2) lib/sprockets/rails/context.rb:27:in 'Sprockets::Rails::Context#compute_asset_path'
actionview (7.2.3) lib/action_view/helpers/asset_url_helper.rb:204:in 'ActionView::Helpers::AssetUrlHelper#asset_path'
sprockets-rails (3.5.2) lib/sprockets/rails/sourcemapping_url_processor.rb:41:in 'Sprockets::Rails::SourcemappingUrlProcessor.sourcemap_asset_path'
sprockets-rails (3.5.2) lib/sprockets/rails/sourcemapping_url_processor.rb:34:in 'Sprockets::Rails::SourcemappingUrlProcessor.resolved_sourcemap_comment'
sprockets-rails (3.5.2) lib/sprockets/rails/sourcemapping_url_processor.rb:15:in 'block in Sprockets::Rails::SourcemappingUrlProcessor.call'
sprockets-rails (3.5.2) lib/sprockets/rails/sourcemapping_url_processor.rb:11:in 'String#gsub'
sprockets-rails (3.5.2) lib/sprockets/rails/sourcemapping_url_processor.rb:11:in 'Sprockets::Rails::SourcemappingUrlProcessor.call'
sprockets (4.2.2) lib/sprockets/processor_utils.rb:84:in 'Sprockets::ProcessorUtils#call_processor'
sprockets (4.2.2) lib/sprockets/processor_utils.rb:66:in 'block in Sprockets::ProcessorUtils#call_processors'
sprockets (4.2.2) lib/sprockets/processor_utils.rb:65:in 'Array#reverse_each'
sprockets (4.2.2) lib/sprockets/processor_utils.rb:65:in 'Sprockets::ProcessorUtils#call_processors'
sprockets (4.2.2) lib/sprockets/loader.rb:184:in 'Sprockets::Loader#load_from_unloaded'
sprockets (4.2.2) lib/sprockets/loader.rb:59:in 'block in Sprockets::Loader#load'
sprockets (4.2.2) lib/sprockets/loader.rb:339:in 'Sprockets::Loader#fetch_asset_from_dependency_cache'
sprockets (4.2.2) lib/sprockets/loader.rb:43:in 'Sprockets::Loader#load'
sprockets (4.2.2) lib/sprockets/cached_environment.rb:44:in 'block in Sprockets::CachedEnvironment#load'
concurrent-ruby (1.3.6) lib/concurrent-ruby/concurrent/map.rb:207:in 'block in Concurrent::Map#fetch_or_store'
concurrent-ruby (1.3.6) lib/concurrent-ruby/concurrent/map.rb:187:in 'Concurrent::Map#fetch'
concurrent-ruby (1.3.6) lib/concurrent-ruby/concurrent/map.rb:206:in 'Concurrent::Map#fetch_or_store'
sprockets (4.2.2) lib/sprockets/cached_environment.rb:44:in 'Sprockets::CachedEnvironment#load'
sprockets (4.2.2) lib/sprockets/bundle.rb:27:in 'Sprockets::Bundle.call'
sprockets (4.2.2) lib/sprockets/processor_utils.rb:84:in 'Sprockets::ProcessorUtils#call_processor'
sprockets (4.2.2) lib/sprockets/processor_utils.rb:66:in 'block in Sprockets::ProcessorUtils#call_processors'
sprockets (4.2.2) lib/sprockets/processor_utils.rb:65:in 'Array#reverse_each'
sprockets (4.2.2) lib/sprockets/processor_utils.rb:65:in 'Sprockets::ProcessorUtils#call_processors'
sprockets (4.2.2) lib/sprockets/loader.rb:184:in 'Sprockets::Loader#load_from_unloaded'
sprockets (4.2.2) lib/sprockets/loader.rb:59:in 'block in Sprockets::Loader#load'
sprockets (4.2.2) lib/sprockets/loader.rb:339:in 'Sprockets::Loader#fetch_asset_from_dependency_cache'
sprockets (4.2.2) lib/sprockets/loader.rb:43:in 'Sprockets::Loader#load'
sprockets (4.2.2) lib/sprockets/cached_environment.rb:44:in 'block in Sprockets::CachedEnvironment#load'
concurrent-ruby (1.3.6) lib/concurrent-ruby/concurrent/map.rb:207:in 'block in Concurrent::Map#fetch_or_store'
concurrent-ruby (1.3.6) lib/concurrent-ruby/concurrent/map.rb:187:in 'Concurrent::Map#fetch'
concurrent-ruby (1.3.6) lib/concurrent-ruby/concurrent/map.rb:206:in 'Concurrent::Map#fetch_or_store'
sprockets (4.2.2) lib/sprockets/cached_environment.rb:44:in 'Sprockets::CachedEnvironment#load'
sprockets (4.2.2) lib/sprockets/base.rb:81:in 'Sprockets::Base#find_asset'
sprockets (4.2.2) lib/sprockets/base.rb:88:in 'Sprockets::Base#find_all_linked_assets'
sprockets (4.2.2) lib/sprockets/manifest.rb:125:in 'Enumerator#each'
sprockets (4.2.2) lib/sprockets/manifest.rb:125:in 'Enumerable#to_a'
sprockets (4.2.2) lib/sprockets/manifest.rb:125:in 'block (2 levels) in Sprockets::Manifest#find'
concurrent-ruby (1.3.6) lib/concurrent-ruby/concurrent/executor/safe_task_executor.rb:24:in 'block in Concurrent::SafeTaskExecutor#execute'
concurrent-ruby (1.3.6) lib/concurrent-ruby/concurrent/synchronization/mutex_lockable_object.rb:48:in 'block in Concurrent::Synchronization::MutexLockableObject#synchronize'
concurrent-ruby (1.3.6) lib/concurrent-ruby/concurrent/synchronization/mutex_lockable_object.rb:48:in 'Thread::Mutex#synchronize'
concurrent-ruby (1.3.6) lib/concurrent-ruby/concurrent/synchronization/mutex_lockable_object.rb:48:in 'Concurrent::Synchronization::MutexLockableObject#synchronize'
concurrent-ruby (1.3.6) lib/concurrent-ruby/concurrent/executor/safe_task_executor.rb:22:in 'Concurrent::SafeTaskExecutor#execute'
concurrent-ruby (1.3.6) lib/concurrent-ruby/concurrent/promise.rb:564:in 'block in Concurrent::Promise#realize'
concurrent-ruby (1.3.6) lib/concurrent-ruby/concurrent/executor/ruby_thread_pool_executor.rb:382:in 'Concurrent::RubyThreadPoolExecutor::Worker#run_task'
concurrent-ruby (1.3.6) lib/concurrent-ruby/concurrent/executor/ruby_thread_pool_executor.rb:372:in 'block (3 levels) in Concurrent::RubyThreadPoolExecutor::Worker#create_worker'
concurrent-ruby (1.3.6) lib/concurrent-ruby/concurrent/executor/ruby_thread_pool_executor.rb:361:in 'Kernel#loop'
concurrent-ruby (1.3.6) lib/concurrent-ruby/concurrent/executor/ruby_thread_pool_executor.rb:361:in 'block (2 levels) in Concurrent::RubyThreadPoolExecutor::Worker#create_worker'
concurrent-ruby (1.3.6) lib/concurrent-ruby/concurrent/executor/ruby_thread_pool_executor.rb:358:in 'Kernel#catch'
concurrent-ruby (1.3.6) lib/concurrent-ruby/concurrent/executor/ruby_thread_pool_executor.rb:358:in 'block in Concurrent::RubyThreadPoolExecutor::Worker#create_worker'
Started GET "/favicon.ico" for ::1 at 2026-03-27 14:33:16 +0100
  
ActionController::RoutingError (No route matches [GET] "/favicon.ico"):
  
Started GET "/login" for ::1 at 2026-03-27 14:47:01 +0100
Processing by SessionsController#new as HTML
  Rendering layout layouts/application.html.erb
  Rendering sessions/new.html.erb within layouts/application
  Rendered sessions/new.html.erb within layouts/application (Duration: 6.6ms | GC: 0.0ms)
  Rendered layout layouts/application.html.erb (Duration: 341.2ms | GC: 15.6ms)
Completed 200 OK in 357ms (Views: 350.5ms | ActiveRecord: 0.0ms (0 queries, 0 cached) | GC: 15.6ms)


Started GET "/manifest.json" for ::1 at 2026-03-27 14:47:02 +0100
Processing by Rails::PwaController#manifest as JSON
  Rendering pwa/manifest.json.erb
  Rendered pwa/manifest.json.erb (Duration: 7.9ms | GC: 0.0ms)
Completed 200 OK in 148ms (Views: 130.8ms | ActiveRecord: 0.0ms (0 queries, 0 cached) | GC: 0.0ms)


Started GET "/manifest.json" for ::1 at 2026-03-27 15:02:48 +0100
  [1m[36mActiveRecord::SchemaMigration Load (0.6ms)[0m  [1m[34mSELECT "schema_migrations"."version" FROM "schema_migrations" ORDER BY "schema_migrations"."version" ASC[0m
Processing by Rails::PwaController#manifest as JSON
  Rendering pwa/manifest.json.erb
  Rendered pwa/manifest.json.erb (Duration: 5.2ms | GC: 0.0ms)
Completed 200 OK in 190ms (Views: 154.4ms | ActiveRecord: 0.0ms (0 queries, 0 cached) | GC: 0.0ms)


Started GET "/login" for ::1 at 2026-03-27 15:03:05 +0100
Processing by SessionsController#new as HTML
  Rendering layout layouts/application.html.erb
  Rendering sessions/new.html.erb within layouts/application
  Rendered sessions/new.html.erb within layouts/application (Duration: 112.1ms | GC: 0.0ms)
  Rendered layout layouts/application.html.erb (Duration: 405.8ms | GC: 0.0ms)
Completed 200 OK in 672ms (Views: 439.3ms | ActiveRecord: 0.0ms (0 queries, 0 cached) | GC: 0.0ms)


Started GET "/manifest.json" for ::1 at 2026-03-27 15:03:06 +0100
Processing by Rails::PwaController#manifest as JSON
  Rendering pwa/manifest.json.erb
  Rendered pwa/manifest.json.erb (Duration: 1.7ms | GC: 0.0ms)
Completed 200 OK in 14ms (Views: 6.3ms | ActiveRecord: 0.0ms (0 queries, 0 cached) | GC: 0.0ms)


Started POST "/login" for ::1 at 2026-03-27 15:04:07 +0100
Processing by SessionsController#create as HTML
  Parameters: {"authenticity_token" => "[FILTERED]", "email" => "[FILTERED]", "password" => "[FILTERED]", "commit" => "Login"}
  [1m[36mUser Load (0.6ms)[0m  [1m[34mSELECT "users".* FROM "users" WHERE "users"."email" = ? LIMIT ?[0m  [["email", "[FILTERED]"], ["LIMIT", 1]]
  ↳ app/controllers/sessions_controller.rb:8:in 'SessionsController#create'
  Rendering layout layouts/application.html.erb
  Rendering sessions/new.html.erb within layouts/application
  Rendered sessions/new.html.erb within layouts/application (Duration: 16.1ms | GC: 0.0ms)
  Rendered layout layouts/application.html.erb (Duration: 63.6ms | GC: 0.0ms)
Completed 200 OK in 1983ms (Views: 82.9ms | ActiveRecord: 114.9ms (1 query, 0 cached) | GC: 0.0ms)


Started GET "/manifest.json" for ::1 at 2026-03-27 15:04:10 +0100
Processing by Rails::PwaController#manifest as JSON
  Rendering pwa/manifest.json.erb
  Rendered pwa/manifest.json.erb (Duration: 1.3ms | GC: 0.0ms)
Completed 200 OK in 12ms (Views: 4.3ms | ActiveRecord: 0.0ms (0 queries, 0 cached) | GC: 0.0ms)


Started GET "/login" for ::1 at 2026-03-27 15:04:54 +0100
Processing by SessionsController#new as HTML
  Rendering layout layouts/application.html.erb
  Rendering sessions/new.html.erb within layouts/application
  Rendered sessions/new.html.erb within layouts/application (Duration: 7.0ms | GC: 0.0ms)
  Rendered layout layouts/application.html.erb (Duration: 37.6ms | GC: 0.0ms)
Completed 200 OK in 44ms (Views: 39.6ms | ActiveRecord: 0.0ms (0 queries, 0 cached) | GC: 0.0ms)


Started GET "/manifest.json" for ::1 at 2026-03-27 15:04:54 +0100
Processing by Rails::PwaController#manifest as JSON
  Rendering pwa/manifest.json.erb
  Rendered pwa/manifest.json.erb (Duration: 1.2ms | GC: 0.0ms)
Completed 200 OK in 8ms (Views: 4.8ms | ActiveRecord: 0.0ms (0 queries, 0 cached) | GC: 0.0ms)


Started POST "/login" for ::1 at 2026-03-27 15:05:06 +0100
Processing by SessionsController#create as HTML
  Parameters: {"authenticity_token" => "[FILTERED]", "email" => "[FILTERED]", "password" => "[FILTERED]", "commit" => "Login"}
  [1m[36mUser Load (0.5ms)[0m  [1m[34mSELECT "users".* FROM "users" WHERE "users"."email" = ? LIMIT ?[0m  [["email", "[FILTERED]"], ["LIMIT", 1]]
  ↳ app/controllers/sessions_controller.rb:8:in 'SessionsController#create'
  Rendering layout layouts/application.html.erb
  Rendering sessions/new.html.erb within layouts/application
  Rendered sessions/new.html.erb within layouts/application (Duration: 11.9ms | GC: 0.0ms)
  Rendered layout layouts/application.html.erb (Duration: 36.7ms | GC: 0.0ms)
Completed 200 OK in 58ms (Views: 42.0ms | ActiveRecord: 0.5ms (1 query, 0 cached) | GC: 0.0ms)


Started GET "/manifest.json" for ::1 at 2026-03-27 15:05:06 +0100
Processing by Rails::PwaController#manifest as JSON
  Rendering pwa/manifest.json.erb
  Rendered pwa/manifest.json.erb (Duration: 1.3ms | GC: 0.0ms)
Completed 200 OK in 7ms (Views: 3.3ms | ActiveRecord: 0.0ms (0 queries, 0 cached) | GC: 0.0ms)


Started GET "/login" for ::1 at 2026-03-27 15:05:25 +0100
Processing by SessionsController#new as HTML
  Rendering layout layouts/application.html.erb
  Rendering sessions/new.html.erb within layouts/application
  Rendered sessions/new.html.erb within layouts/application (Duration: 7.5ms | GC: 0.0ms)
  Rendered layout layouts/application.html.erb (Duration: 34.4ms | GC: 0.0ms)
Completed 200 OK in 40ms (Views: 36.2ms | ActiveRecord: 0.0ms (0 queries, 0 cached) | GC: 0.0ms)


Started GET "/manifest.json" for ::1 at 2026-03-27 15:05:25 +0100
Processing by Rails::PwaController#manifest as JSON
  Rendering pwa/manifest.json.erb
  Rendered pwa/manifest.json.erb (Duration: 1.2ms | GC: 0.0ms)
Completed 200 OK in 8ms (Views: 4.5ms | ActiveRecord: 0.0ms (0 queries, 0 cached) | GC: 0.0ms)


Started GET "/signup" for ::1 at 2026-03-27 15:05:28 +0100
Processing by UsersController#new as HTML
  Rendering layout layouts/application.html.erb
  Rendering users/new.html.erb within layouts/application
  Rendered users/new.html.erb within layouts/application (Duration: 9.5ms | GC: 0.0ms)
  Rendered layout layouts/application.html.erb (Duration: 29.4ms | GC: 0.0ms)
Completed 200 OK in 178ms (Views: 45.1ms | ActiveRecord: 1.1ms (0 queries, 0 cached) | GC: 0.0ms)


Started GET "/manifest.json" for ::1 at 2026-03-27 15:05:29 +0100
Processing by Rails::PwaController#manifest as JSON
  Rendering pwa/manifest.json.erb
  Rendered pwa/manifest.json.erb (Duration: 1.2ms | GC: 0.0ms)
Completed 200 OK in 6ms (Views: 3.0ms | ActiveRecord: 0.0ms (0 queries, 0 cached) | GC: 0.0ms)


Started POST "/users" for ::1 at 2026-03-27 15:05:51 +0100
Processing by UsersController#create as HTML
  Parameters: {"authenticity_token" => "[FILTERED]", "user" => {"name" => "samuel", "email" => "[FILTERED]", "password" => "[FILTERED]", "password_confirmation" => "[FILTERED]"}, "commit" => "Create account"}
  [1m[36mTRANSACTION (0.2ms)[0m  [1m[36mbegin transaction[0m
  ↳ app/controllers/users_controller.rb:10:in 'UsersController#create'
  [1m[36mUser Exists? (12.4ms)[0m  [1m[34mSELECT 1 AS one FROM "users" WHERE "users"."email" = ? LIMIT ?[0m  [["email", "[FILTERED]"], ["LIMIT", 1]]
  ↳ app/controllers/users_controller.rb:10:in 'UsersController#create'
  [1m[36mUser Create (0.8ms)[0m  [1m[32mINSERT INTO "users" ("name", "email", "password_digest", "created_at", "updated_at") VALUES (?, ?, ?, ?, ?) RETURNING "id"[0m  [["name", "samuel"], ["email", "[FILTERED]"], ["password_digest", "[FILTERED]"], ["created_at", "2026-03-27 14:05:52.374954"], ["updated_at", "2026-03-27 14:05:52.374954"]]
  ↳ app/controllers/users_controller.rb:10:in 'UsersController#create'
  [1m[36mTRANSACTION (12.0ms)[0m  [1m[36mcommit transaction[0m
  ↳ app/controllers/users_controller.rb:10:in 'UsersController#create'
Redirected to http://localhost:3000/projects
Completed 302 Found in 440ms (ActiveRecord: 25.3ms (2 queries, 0 cached) | GC: 0.0ms)


Started GET "/projects" for ::1 at 2026-03-27 15:05:52 +0100
Processing by ProjectsController#index as HTML
  [1m[36mUser Load (0.4ms)[0m  [1m[34mSELECT "users".* FROM "users" WHERE "users"."id" = ? LIMIT ?[0m  [["id", 1], ["LIMIT", 1]]
  ↳ app/controllers/application_controller.rb:10:in 'ApplicationController#current_user'
  Rendering layout layouts/application.html.erb
  Rendering projects/index.html.erb within layouts/application
  [1m[36mProject Load (0.5ms)[0m  [1m[34mSELECT "projects".* FROM "projects" INNER JOIN "project_memberships" ON "projects"."id" = "project_memberships"."project_id" WHERE "project_memberships"."user_id" = ?[0m  [["user_id", 1]]
  ↳ app/views/projects/index.html.erb:4
  Rendered projects/index.html.erb within layouts/application (Duration: 272.9ms | GC: 46.9ms)
  Rendered layout layouts/application.html.erb (Duration: 318.8ms | GC: 46.9ms)
Completed 200 OK in 968ms (Views: 336.4ms | ActiveRecord: 5.0ms (2 queries, 0 cached) | GC: 62.5ms)


Started GET "/manifest.json" for ::1 at 2026-03-27 15:05:53 +0100
Processing by Rails::PwaController#manifest as JSON
  Rendering pwa/manifest.json.erb
  Rendered pwa/manifest.json.erb (Duration: 1.1ms | GC: 0.0ms)
Completed 200 OK in 22ms (Views: 16.7ms | ActiveRecord: 0.0ms (0 queries, 0 cached) | GC: 0.0ms)


Started GET "/projects/new" for ::1 at 2026-03-27 15:06:00 +0100
Processing by ProjectsController#new as HTML
  [1m[36mUser Load (0.3ms)[0m  [1m[34mSELECT "users".* FROM "users" WHERE "users"."id" = ? LIMIT ?[0m  [["id", 1], ["LIMIT", 1]]
  ↳ app/controllers/application_controller.rb:10:in 'ApplicationController#current_user'
  Rendering layout layouts/application.html.erb
  Rendering projects/new.html.erb within layouts/application
  Rendered projects/_form.html.erb (Duration: 565.9ms | GC: 0.0ms)
  Rendered projects/new.html.erb within layouts/application (Duration: 625.4ms | GC: 0.0ms)
  Rendered layout layouts/application.html.erb (Duration: 646.9ms | GC: 0.0ms)
Completed 200 OK in 748ms (Views: 649.3ms | ActiveRecord: 0.3ms (1 query, 0 cached) | GC: 46.9ms)


Started GET "/manifest.json" for ::1 at 2026-03-27 15:06:01 +0100
Processing by Rails::PwaController#manifest as JSON
  Rendering pwa/manifest.json.erb
  Rendered pwa/manifest.json.erb (Duration: 1.3ms | GC: 0.0ms)
Completed 200 OK in 8ms (Views: 4.2ms | ActiveRecord: 0.0ms (0 queries, 0 cached) | GC: 0.0ms)


Started POST "/projects" for ::1 at 2026-03-27 15:06:24 +0100
Processing by ProjectsController#create as HTML
  Parameters: {"authenticity_token" => "[FILTERED]", "project" => {"title" => "software", "description" => "i am a software developer "}, "commit" => "Create Project"}
  [1m[36mUser Load (0.3ms)[0m  [1m[34mSELECT "users".* FROM "users" WHERE "users"."id" = ? LIMIT ?[0m  [["id", 1], ["LIMIT", 1]]
  ↳ app/controllers/application_controller.rb:10:in 'ApplicationController#current_user'
  [1m[36mCACHE User Load (0.1ms)[0m  [1m[34mSELECT "users".* FROM "users" WHERE "users"."id" = ? LIMIT ?[0m  [["id", 1], ["LIMIT", 1]]
  ↳ app/controllers/projects_controller.rb:21:in 'ProjectsController#create'
  [1m[36mTRANSACTION (0.2ms)[0m  [1m[36mbegin transaction[0m
  ↳ app/controllers/projects_controller.rb:21:in 'ProjectsController#create'
  [1m[36mProject Create (24.3ms)[0m  [1m[32mINSERT INTO "projects" ("title", "description", "owner_id", "created_at", "updated_at") VALUES (?, ?, ?, ?, ?) RETURNING "id"[0m  [["title", "software"], ["description", "i am a software developer "], ["owner_id", 1], ["created_at", "2026-03-27 14:06:25.482820"], ["updated_at", "2026-03-27 14:06:25.482820"]]
  ↳ app/controllers/projects_controller.rb:21:in 'ProjectsController#create'
  [1m[36mTRANSACTION (0.8ms)[0m  [1m[36mcommit transaction[0m
  ↳ app/controllers/projects_controller.rb:21:in 'ProjectsController#create'
  [1m[36mTRANSACTION (0.1ms)[0m  [1m[36mbegin transaction[0m
  ↳ app/controllers/projects_controller.rb:22:in 'ProjectsController#create'
  [1m[36mProjectMembership Exists? (17.5ms)[0m  [1m[34mSELECT 1 AS one FROM "project_memberships" WHERE "project_memberships"."user_id" = ? AND "project_memberships"."project_id" = ? LIMIT ?[0m  [["user_id", 1], ["project_id", 1], ["LIMIT", 1]]
  ↳ app/controllers/projects_controller.rb:22:in 'ProjectsController#create'
  [1m[36mProjectMembership Create (0.7ms)[0m  [1m[32mINSERT INTO "project_memberships" ("user_id", "project_id", "admin", "created_at", "updated_at") VALUES (?, ?, ?, ?, ?) RETURNING "id"[0m  [["user_id", 1], ["project_id", 1], ["admin", 1], ["created_at", "2026-03-27 14:06:25.600982"], ["updated_at", "2026-03-27 14:06:25.600982"]]
  ↳ app/controllers/projects_controller.rb:22:in 'ProjectsController#create'
  [1m[36mTRANSACTION (0.7ms)[0m  [1m[36mcommit transaction[0m
  ↳ app/controllers/projects_controller.rb:22:in 'ProjectsController#create'
Redirected to http://localhost:3000/projects/1
Completed 302 Found in 310ms (ActiveRecord: 45.3ms (5 queries, 1 cached) | GC: 0.0ms)


Started GET "/projects/1" for ::1 at 2026-03-27 15:06:25 +0100
Processing by ProjectsController#show as HTML
  Parameters: {"id" => "1"}
  [1m[36mUser Load (0.4ms)[0m  [1m[34mSELECT "users".* FROM "users" WHERE "users"."id" = ? LIMIT ?[0m  [["id", 1], ["LIMIT", 1]]
  ↳ app/controllers/application_controller.rb:10:in 'ApplicationController#current_user'
  [1m[36mProject Load (0.9ms)[0m  [1m[34mSELECT "projects".* FROM "projects" WHERE "projects"."id" = ? LIMIT ?[0m  [["id", 1], ["LIMIT", 1]]
  ↳ app/controllers/projects_controller.rb:51:in 'ProjectsController#set_project'
  [1m[36mProjectMembership Exists? (0.5ms)[0m  [1m[34mSELECT 1 AS one FROM "project_memberships" WHERE "project_memberships"."user_id" = ? AND "project_memberships"."project_id" = ? LIMIT ?[0m  [["user_id", 1], ["project_id", 1], ["LIMIT", 1]]
  ↳ app/models/user.rb:19:in 'User#member_of?'
  Rendering layout layouts/application.html.erb
  Rendering projects/show.html.erb within layouts/application
  [1m[36mCACHE User Load (0.1ms)[0m  [1m[34mSELECT "users".* FROM "users" WHERE "users"."id" = ? LIMIT ?[0m  [["id", 1], ["LIMIT", 1]]
  ↳ app/views/projects/show.html.erb:3
  [1m[36mUser Load (0.6ms)[0m  [1m[34mSELECT "users".* FROM "users" INNER JOIN "project_memberships" ON "users"."id" = "project_memberships"."user_id" WHERE "project_memberships"."project_id" = ?[0m  [["project_id", 1]]
  ↳ app/views/projects/show.html.erb:4:in 'Enumerable#map'
  [1m[36mProjectMembership Exists? (0.4ms)[0m  [1m[34mSELECT 1 AS one FROM "project_memberships" WHERE "project_memberships"."user_id" = ? AND "project_memberships"."project_id" = ? AND "project_memberships"."admin" = ? LIMIT ?[0m  [["user_id", 1], ["project_id", 1], ["admin", 1], ["LIMIT", 1]]
  ↳ app/models/user.rb:15:in 'User#admin_of?'
  [1m[36mAttachment Load (0.6ms)[0m  [1m[34mSELECT "attachments".* FROM "attachments" WHERE "attachments"."project_id" = ?[0m  [["project_id", 1]]
  ↳ app/views/projects/show.html.erb:16
  [1m[36mCACHE ProjectMembership Exists? (0.1ms)[0m  [1m[34mSELECT 1 AS one FROM "project_memberships" WHERE "project_memberships"."user_id" = ? AND "project_memberships"."project_id" = ? AND "project_memberships"."admin" = ? LIMIT ?[0m  [["user_id", 1], ["project_id", 1], ["admin", 1], ["LIMIT", 1]]
  ↳ app/models/user.rb:15:in 'User#admin_of?'
  [1m[36mProjectThread Load (0.6ms)[0m  [1m[34mSELECT "project_threads".* FROM "project_threads" WHERE "project_threads"."project_id" = ? ORDER BY "project_threads"."created_at" DESC[0m  [["project_id", 1]]
  ↳ app/views/projects/show.html.erb:33
  Rendered projects/show.html.erb within layouts/application (Duration: 672.8ms | GC: 0.0ms)
  Rendered layout layouts/application.html.erb (Duration: 702.9ms | GC: 0.0ms)
Completed 200 OK in 1819ms (Views: 702.9ms | ActiveRecord: 7.1ms (9 queries, 2 cached) | GC: 0.0ms)


Started GET "/manifest.json" for ::1 at 2026-03-27 15:06:27 +0100
Processing by Rails::PwaController#manifest as JSON
  Rendering pwa/manifest.json.erb
  Rendered pwa/manifest.json.erb (Duration: 1.3ms | GC: 0.0ms)
Completed 200 OK in 8ms (Views: 3.9ms | ActiveRecord: 0.0ms (0 queries, 0 cached) | GC: 0.0ms)


Started POST "/projects/1/attachments" for ::1 at 2026-03-27 15:07:07 +0100
Processing by AttachmentsController#create as HTML
  Parameters: {"authenticity_token" => "[FILTERED]", "attachment" => {"file" => #<ActionDispatch::Http::UploadedFile:0x000001730e16a058 @tempfile=#<Tempfile:C:/Users/OGTL_A~1/AppData/Local/Temp/RackMultipart20260327-7368-q4c66t.png>, @content_type="image/png", @original_filename="bams logo.png", @headers="Content-Disposition: form-data; name=\"attachment[file]\"; filename=\"bams logo.png\"\r\nContent-Type: image/png\r\n">}, "commit" => "Upload", "project_id" => "1"}
  [1m[36mUser Load (0.5ms)[0m  [1m[34mSELECT "users".* FROM "users" WHERE "users"."id" = ? LIMIT ?[0m  [["id", 1], ["LIMIT", 1]]
  ↳ app/controllers/application_controller.rb:10:in 'ApplicationController#current_user'
  [1m[36mProject Load (0.4ms)[0m  [1m[34mSELECT "projects".* FROM "projects" WHERE "projects"."id" = ? LIMIT ?[0m  [["id", 1], ["LIMIT", 1]]
  ↳ app/controllers/attachments_controller.rb:32:in 'AttachmentsController#set_project'
  [1m[36mProjectMembership Exists? (0.4ms)[0m  [1m[34mSELECT 1 AS one FROM "project_memberships" WHERE "project_memberships"."user_id" = ? AND "project_memberships"."project_id" = ? LIMIT ?[0m  [["user_id", 1], ["project_id", 1], ["LIMIT", 1]]
  ↳ app/models/user.rb:19:in 'User#member_of?'
Completed 500 Internal Server Error in 187ms (ActiveRecord: 2.6ms (3 queries, 0 cached) | GC: 0.0ms)


  
ActiveModel::UnknownAttributeError (unknown attribute 'service_name' for ActiveStorage::Blob.):

Causes:
NoMethodError (undefined method 'service_name=' for an instance of ActiveStorage::Blob)
  
app/controllers/attachments_controller.rb:9:in 'AttachmentsController#create'
Started GET "/favicon.ico" for ::1 at 2026-03-27 15:07:12 +0100
  
ActionController::RoutingError (No route matches [GET] "/favicon.ico"):
  
Started GET "/manifest.json" for ::1 at 2026-03-27 15:07:17 +0100
Processing by Rails::PwaController#manifest as JSON
  Rendering pwa/manifest.json.erb
  Rendered pwa/manifest.json.erb (Duration: 1.1ms | GC: 0.0ms)
Completed 200 OK in 17ms (Views: 7.0ms | ActiveRecord: 0.0ms (0 queries, 0 cached) | GC: 0.0ms)


Started GET "/projects/1/threads/new" for ::1 at 2026-03-27 15:07:21 +0100
Processing by ProjectThreadsController#new as HTML
  Parameters: {"project_id" => "1"}
  [1m[36mUser Load (0.4ms)[0m  [1m[34mSELECT "users".* FROM "users" WHERE "users"."id" = ? LIMIT ?[0m  [["id", 1], ["LIMIT", 1]]
  ↳ app/controllers/application_controller.rb:10:in 'ApplicationController#current_user'
  [1m[36mProject Load (0.3ms)[0m  [1m[34mSELECT "projects".* FROM "projects" WHERE "projects"."id" = ? LIMIT ?[0m  [["id", 1], ["LIMIT", 1]]
  ↳ app/controllers/project_threads_controller.rb:44:in 'ProjectThreadsController#set_project'
  [1m[36mProjectMembership Exists? (0.4ms)[0m  [1m[34mSELECT 1 AS one FROM "project_memberships" WHERE "project_memberships"."user_id" = ? AND "project_memberships"."project_id" = ? LIMIT ?[0m  [["user_id", 1], ["project_id", 1], ["LIMIT", 1]]
  ↳ app/models/user.rb:19:in 'User#member_of?'
  [1m[36mProjectMembership Exists? (0.6ms)[0m  [1m[34mSELECT 1 AS one FROM "project_memberships" WHERE "project_memberships"."user_id" = ? AND "project_memberships"."project_id" = ? AND "project_memberships"."admin" = ? LIMIT ?[0m  [["user_id", 1], ["project_id", 1], ["admin", 1], ["LIMIT", 1]]
  ↳ app/models/user.rb:15:in 'User#admin_of?'
  Rendering layout layouts/application.html.erb
  Rendering project_threads/new.html.erb within layouts/application
  Rendered project_threads/new.html.erb within layouts/application (Duration: 6.7ms | GC: 0.0ms)
  Rendered layout layouts/application.html.erb (Duration: 31.5ms | GC: 0.0ms)
Completed 200 OK in 203ms (Views: 46.9ms | ActiveRecord: 1.5ms (4 queries, 0 cached) | GC: 0.0ms)


Started GET "/manifest.json" for ::1 at 2026-03-27 15:07:21 +0100
Processing by Rails::PwaController#manifest as JSON
  Rendering pwa/manifest.json.erb
  Rendered pwa/manifest.json.erb (Duration: 1.3ms | GC: 0.0ms)
Completed 200 OK in 10ms (Views: 6.2ms | ActiveRecord: 0.0ms (0 queries, 0 cached) | GC: 0.0ms)


Started GET "/" for ::1 at 2026-03-30 12:31:09 +0100
  [1m[36mActiveRecord::SchemaMigration Load (0.5ms)[0m  [1m[34mSELECT "schema_migrations"."version" FROM "schema_migrations" ORDER BY "schema_migrations"."version" ASC[0m
Processing by ProjectsController#index as HTML
Redirected to http://localhost:3000/login
Filter chain halted as :require_login rendered or redirected
Completed 302 Found in 1903ms (ActiveRecord: 0.0ms (0 queries, 0 cached) | GC: 0.0ms)


Started GET "/login" for ::1 at 2026-03-30 12:31:14 +0100
Processing by SessionsController#new as HTML
  Rendering layout layouts/application.html.erb
  Rendering sessions/new.html.erb within layouts/application
  Rendered sessions/new.html.erb within layouts/application (Duration: 719.4ms | GC: 0.0ms)
  Rendered layout layouts/application.html.erb (Duration: 2087.6ms | GC: 78.1ms)
Completed 200 OK in 3319ms (Views: 2531.0ms | ActiveRecord: 0.0ms (0 queries, 0 cached) | GC: 78.1ms)


Started GET "/manifest.json" for ::1 at 2026-03-30 12:31:18 +0100
Processing by Rails::PwaController#manifest as JSON
  Rendering pwa/manifest.json.erb
  Rendered pwa/manifest.json.erb (Duration: 5.9ms | GC: 0.0ms)
Completed 200 OK in 75ms (Views: 69.5ms | ActiveRecord: 0.0ms (0 queries, 0 cached) | GC: 0.0ms)


Started GET "/login" for ::1 at 2026-03-30 12:31:38 +0100
Processing by SessionsController#new as HTML
  Rendering layout layouts/application.html.erb
  Rendering sessions/new.html.erb within layouts/application
  Rendered sessions/new.html.erb within layouts/application (Duration: 7.4ms | GC: 0.0ms)
  Rendered layout layouts/application.html.erb (Duration: 42.9ms | GC: 0.0ms)
Completed 200 OK in 52ms (Views: 47.3ms | ActiveRecord: 0.0ms (0 queries, 0 cached) | GC: 0.0ms)


Started GET "/manifest.json" for ::1 at 2026-03-30 12:31:38 +0100
Processing by Rails::PwaController#manifest as JSON
  Rendering pwa/manifest.json.erb
  Rendered pwa/manifest.json.erb (Duration: 1.4ms | GC: 0.0ms)
Completed 200 OK in 8ms (Views: 3.1ms | ActiveRecord: 0.0ms (0 queries, 0 cached) | GC: 0.0ms)


Started POST "/login" for ::1 at 2026-03-30 12:32:12 +0100
Processing by SessionsController#create as HTML
  Parameters: {"authenticity_token" => "[FILTERED]", "email" => "[FILTERED]", "password" => "[FILTERED]", "commit" => "Login"}
  [1m[36mUser Load (0.5ms)[0m  [1m[34mSELECT "users".* FROM "users" WHERE "users"."email" = ? LIMIT ?[0m  [["email", "[FILTERED]"], ["LIMIT", 1]]
  ↳ app/controllers/sessions_controller.rb:8:in 'SessionsController#create'
  Rendering layout layouts/application.html.erb
  Rendering sessions/new.html.erb within layouts/application
  Rendered sessions/new.html.erb within layouts/application (Duration: 14.4ms | GC: 0.0ms)
  Rendered layout layouts/application.html.erb (Duration: 37.2ms | GC: 0.0ms)
Completed 200 OK in 1074ms (Views: 41.8ms | ActiveRecord: 16.6ms (1 query, 0 cached) | GC: 15.6ms)


Started GET "/manifest.json" for ::1 at 2026-03-30 12:32:13 +0100
Processing by Rails::PwaController#manifest as JSON
  Rendering pwa/manifest.json.erb
  Rendered pwa/manifest.json.erb (Duration: 1.2ms | GC: 0.0ms)
Completed 200 OK in 8ms (Views: 4.0ms | ActiveRecord: 0.0ms (0 queries, 0 cached) | GC: 0.0ms)


Started GET "/signup" for ::1 at 2026-03-30 12:32:34 +0100
Processing by UsersController#new as HTML
  Rendering layout layouts/application.html.erb
  Rendering users/new.html.erb within layouts/application
  Rendered users/new.html.erb within layouts/application (Duration: 17.8ms | GC: 0.0ms)
  Rendered layout layouts/application.html.erb (Duration: 80.2ms | GC: 0.0ms)
Completed 200 OK in 378ms (Views: 123.2ms | ActiveRecord: 1.0ms (0 queries, 0 cached) | GC: 0.0ms)


Started GET "/manifest.json" for ::1 at 2026-03-30 12:32:35 +0100
Processing by Rails::PwaController#manifest as JSON
  Rendering pwa/manifest.json.erb
  Rendered pwa/manifest.json.erb (Duration: 1.3ms | GC: 0.0ms)
Completed 200 OK in 8ms (Views: 3.5ms | ActiveRecord: 0.0ms (0 queries, 0 cached) | GC: 0.0ms)


Started POST "/users" for ::1 at 2026-03-30 12:32:55 +0100
Processing by UsersController#create as HTML
  Parameters: {"authenticity_token" => "[FILTERED]", "user" => {"name" => "samuel", "email" => "[FILTERED]", "password" => "[FILTERED]", "password_confirmation" => "[FILTERED]"}, "commit" => "Create account"}
  [1m[36mTRANSACTION (0.4ms)[0m  [1m[36mbegin transaction[0m
  ↳ app/controllers/users_controller.rb:10:in 'UsersController#create'
  [1m[36mUser Exists? (146.8ms)[0m  [1m[34mSELECT 1 AS one FROM "users" WHERE "users"."email" = ? LIMIT ?[0m  [["email", "[FILTERED]"], ["LIMIT", 1]]
  ↳ app/controllers/users_controller.rb:10:in 'UsersController#create'
  [1m[36mTRANSACTION (0.2ms)[0m  [1m[31mrollback transaction[0m
  ↳ app/controllers/users_controller.rb:10:in 'UsersController#create'
  Rendering layout layouts/application.html.erb
  Rendering users/new.html.erb within layouts/application
  Rendered users/new.html.erb within layouts/application (Duration: 18.1ms | GC: 0.0ms)
  Rendered layout layouts/application.html.erb (Duration: 85.4ms | GC: 0.0ms)
Completed 200 OK in 945ms (Views: 91.4ms | ActiveRecord: 147.3ms (1 query, 0 cached) | GC: 0.0ms)


Started GET "/manifest.json" for ::1 at 2026-03-30 12:32:57 +0100
Processing by Rails::PwaController#manifest as JSON
  Rendering pwa/manifest.json.erb
  Rendered pwa/manifest.json.erb (Duration: 1.2ms | GC: 0.0ms)
Completed 200 OK in 12ms (Views: 4.6ms | ActiveRecord: 0.0ms (0 queries, 0 cached) | GC: 0.0ms)


Started POST "/users" for ::1 at 2026-03-30 12:35:06 +0100
Processing by UsersController#create as HTML
  Parameters: {"authenticity_token" => "[FILTERED]", "user" => {"name" => "samuel", "email" => "[FILTERED]", "password" => "[FILTERED]", "password_confirmation" => "[FILTERED]"}, "commit" => "Create account"}
  [1m[36mTRANSACTION (0.2ms)[0m  [1m[36mbegin transaction[0m
  ↳ app/controllers/users_controller.rb:10:in 'UsersController#create'
  [1m[36mUser Exists? (12.9ms)[0m  [1m[34mSELECT 1 AS one FROM "users" WHERE "users"."email" = ? LIMIT ?[0m  [["email", "[FILTERED]"], ["LIMIT", 1]]
  ↳ app/controllers/users_controller.rb:10:in 'UsersController#create'
  [1m[36mTRANSACTION (0.2ms)[0m  [1m[31mrollback transaction[0m
  ↳ app/controllers/users_controller.rb:10:in 'UsersController#create'
  Rendering layout layouts/application.html.erb
  Rendering users/new.html.erb within layouts/application
  Rendered users/new.html.erb within layouts/application (Duration: 7.3ms | GC: 0.0ms)
  Rendered layout layouts/application.html.erb (Duration: 39.7ms | GC: 0.0ms)
Completed 200 OK in 666ms (Views: 43.0ms | ActiveRecord: 13.2ms (1 query, 0 cached) | GC: 0.0ms)


Started GET "/manifest.json" for ::1 at 2026-03-30 12:35:07 +0100
Processing by Rails::PwaController#manifest as JSON
  Rendering pwa/manifest.json.erb
  Rendered pwa/manifest.json.erb (Duration: 1.5ms | GC: 0.0ms)
Completed 200 OK in 8ms (Views: 4.9ms | ActiveRecord: 0.0ms (0 queries, 0 cached) | GC: 0.0ms)


Started POST "/users" for ::1 at 2026-03-30 12:35:41 +0100
Started POST "/users" for ::1 at 2026-03-30 12:35:41 +0100
Processing by UsersController#create as HTML
  Parameters: {"authenticity_token" => "[FILTERED]", "user" => {"name" => "samuel", "email" => "[FILTERED]", "password" => "[FILTERED]", "password_confirmation" => "[FILTERED]"}, "commit" => "Create account"}
Processing by UsersController#create as HTML
  Parameters: {"authenticity_token" => "[FILTERED]", "user" => {"name" => "samuel", "email" => "[FILTERED]", "password" => "[FILTERED]", "password_confirmation" => "[FILTERED]"}, "commit" => "Create account"}
  [1m[36mTRANSACTION (0.2ms)[0m  [1m[36mbegin transaction[0m
  ↳ app/controllers/users_controller.rb:10:in 'UsersController#create'
  [1m[36mUser Exists? (15.8ms)[0m  [1m[34mSELECT 1 AS one FROM "users" WHERE "users"."email" = ? LIMIT ?[0m  [["email", "[FILTERED]"], ["LIMIT", 1]]
  ↳ app/controllers/users_controller.rb:10:in 'UsersController#create'
  [1m[36mTRANSACTION (0.8ms)[0m  [1m[31mrollback transaction[0m
  ↳ app/controllers/users_controller.rb:10:in 'UsersController#create'
  Rendering layout layouts/application.html.erb
  Rendering users/new.html.erb within layouts/application
  Rendered users/new.html.erb within layouts/application (Duration: 15.1ms | GC: 15.6ms)
  [1m[36mTRANSACTION (0.1ms)[0m  [1m[36mbegin transaction[0m
  ↳ app/controllers/users_controller.rb:10:in 'UsersController#create'
  [1m[36mUser Exists? (101.3ms)[0m  [1m[34mSELECT 1 AS one FROM "users" WHERE "users"."email" = ? LIMIT ?[0m  [["email", "[FILTERED]"], ["LIMIT", 1]]
  ↳ app/controllers/users_controller.rb:10:in 'UsersController#create'
  [1m[36mTRANSACTION (0.3ms)[0m  [1m[31mrollback transaction[0m
  ↳ app/controllers/users_controller.rb:10:in 'UsersController#create'
  Rendering layout layouts/application.html.erb
  Rendering users/new.html.erb within layouts/application
  Rendered users/new.html.erb within layouts/application (Duration: 25.4ms | GC: 0.0ms)
  Rendered layout layouts/application.html.erb (Duration: 155.5ms | GC: 62.5ms)
Completed 200 OK in 800ms (Views: 157.7ms | ActiveRecord: 16.6ms (1 query, 0 cached) | GC: 62.5ms)


  Rendered layout layouts/application.html.erb (Duration: 90.0ms | GC: 15.6ms)
Completed 200 OK in 811ms (Views: 95.6ms | ActiveRecord: 101.6ms (1 query, 0 cached) | GC: 62.5ms)


Started GET "/manifest.json" for ::1 at 2026-03-30 12:35:43 +0100
Processing by Rails::PwaController#manifest as JSON
  Rendering pwa/manifest.json.erb
  Rendered pwa/manifest.json.erb (Duration: 1.2ms | GC: 0.0ms)
Completed 200 OK in 12ms (Views: 8.8ms | ActiveRecord: 0.0ms (0 queries, 0 cached) | GC: 0.0ms)


Started POST "/users" for ::1 at 2026-03-30 12:36:06 +0100
Processing by UsersController#create as HTML
  Parameters: {"authenticity_token" => "[FILTERED]", "user" => {"name" => "samuel", "email" => "[FILTERED]", "password" => "[FILTERED]", "password_confirmation" => "[FILTERED]"}, "commit" => "Create account"}
  [1m[36mTRANSACTION (0.2ms)[0m  [1m[36mbegin transaction[0m
  ↳ app/controllers/users_controller.rb:10:in 'UsersController#create'
  [1m[36mUser Exists? (21.2ms)[0m  [1m[34mSELECT 1 AS one FROM "users" WHERE "users"."email" = ? LIMIT ?[0m  [["email", "[FILTERED]"], ["LIMIT", 1]]
  ↳ app/controllers/users_controller.rb:10:in 'UsersController#create'
  [1m[36mTRANSACTION (0.2ms)[0m  [1m[31mrollback transaction[0m
  ↳ app/controllers/users_controller.rb:10:in 'UsersController#create'
  Rendering layout layouts/application.html.erb
  Rendering users/new.html.erb within layouts/application
  Rendered users/new.html.erb within layouts/application (Duration: 28.4ms | GC: 0.0ms)
  Rendered layout layouts/application.html.erb (Duration: 77.0ms | GC: 0.0ms)
Completed 200 OK in 568ms (Views: 79.9ms | ActiveRecord: 23.1ms (1 query, 0 cached) | GC: 31.3ms)


Started GET "/manifest.json" for ::1 at 2026-03-30 12:36:07 +0100
Processing by Rails::PwaController#manifest as JSON
  Rendering pwa/manifest.json.erb
  Rendered pwa/manifest.json.erb (Duration: 0.9ms | GC: 0.0ms)
Completed 200 OK in 8ms (Views: 4.3ms | ActiveRecord: 0.0ms (0 queries, 0 cached) | GC: 0.0ms)


Started POST "/users" for ::1 at 2026-03-30 12:36:35 +0100
Processing by UsersController#create as HTML
  Parameters: {"authenticity_token" => "[FILTERED]", "user" => {"name" => "samuel", "email" => "[FILTERED]", "password" => "[FILTERED]", "password_confirmation" => "[FILTERED]"}, "commit" => "Create account"}
  [1m[36mTRANSACTION (0.2ms)[0m  [1m[36mbegin transaction[0m
  ↳ app/controllers/users_controller.rb:10:in 'UsersController#create'
  [1m[36mUser Exists? (13.8ms)[0m  [1m[34mSELECT 1 AS one FROM "users" WHERE "users"."email" = ? LIMIT ?[0m  [["email", "[FILTERED]"], ["LIMIT", 1]]
  ↳ app/controllers/users_controller.rb:10:in 'UsersController#create'
  [1m[36mTRANSACTION (2.3ms)[0m  [1m[31mrollback transaction[0m
  ↳ app/controllers/users_controller.rb:10:in 'UsersController#create'
  Rendering layout layouts/application.html.erb
  Rendering users/new.html.erb within layouts/application
  Rendered users/new.html.erb within layouts/application (Duration: 15.9ms | GC: 0.0ms)
  Rendered layout layouts/application.html.erb (Duration: 49.2ms | GC: 0.0ms)
Completed 200 OK in 475ms (Views: 51.1ms | ActiveRecord: 16.1ms (1 query, 0 cached) | GC: 0.0ms)


Started GET "/manifest.json" for ::1 at 2026-03-30 12:36:36 +0100
Processing by Rails::PwaController#manifest as JSON
  Rendering pwa/manifest.json.erb
  Rendered pwa/manifest.json.erb (Duration: 1.3ms | GC: 0.0ms)
Completed 200 OK in 7ms (Views: 3.7ms | ActiveRecord: 0.0ms (0 queries, 0 cached) | GC: 0.0ms)


Started POST "/users" for ::1 at 2026-03-30 12:36:44 +0100
Processing by UsersController#create as HTML
  Parameters: {"authenticity_token" => "[FILTERED]", "user" => {"name" => "samuel", "email" => "[FILTERED]", "password" => "[FILTERED]", "password_confirmation" => "[FILTERED]"}, "commit" => "Create account"}
  [1m[36mTRANSACTION (0.1ms)[0m  [1m[36mbegin transaction[0m
  ↳ app/controllers/users_controller.rb:10:in 'UsersController#create'
  [1m[36mUser Exists? (15.5ms)[0m  [1m[34mSELECT 1 AS one FROM "users" WHERE "users"."email" = ? LIMIT ?[0m  [["email", "[FILTERED]"], ["LIMIT", 1]]
  ↳ app/controllers/users_controller.rb:10:in 'UsersController#create'
  [1m[36mTRANSACTION (1.0ms)[0m  [1m[31mrollback transaction[0m
  ↳ app/controllers/users_controller.rb:10:in 'UsersController#create'
  Rendering layout layouts/application.html.erb
  Rendering users/new.html.erb within layouts/application
  Rendered users/new.html.erb within layouts/application (Duration: 18.9ms | GC: 0.0ms)
  Rendered layout layouts/application.html.erb (Duration: 57.2ms | GC: 0.0ms)
Completed 200 OK in 515ms (Views: 65.3ms | ActiveRecord: 15.6ms (1 query, 0 cached) | GC: 0.0ms)


Started GET "/manifest.json" for ::1 at 2026-03-30 12:36:45 +0100
Processing by Rails::PwaController#manifest as JSON
  Rendering pwa/manifest.json.erb
  Rendered pwa/manifest.json.erb (Duration: 1.2ms | GC: 0.0ms)
Completed 200 OK in 7ms (Views: 3.9ms | ActiveRecord: 0.0ms (0 queries, 0 cached) | GC: 0.0ms)


Started POST "/users" for ::1 at 2026-03-30 12:37:10 +0100
Processing by UsersController#create as HTML
  Parameters: {"authenticity_token" => "[FILTERED]", "user" => {"name" => "peter", "email" => "[FILTERED]", "password" => "[FILTERED]", "password_confirmation" => "[FILTERED]"}, "commit" => "Create account"}
  [1m[36mTRANSACTION (0.2ms)[0m  [1m[36mbegin transaction[0m
  ↳ app/controllers/users_controller.rb:10:in 'UsersController#create'
  [1m[36mUser Exists? (15.1ms)[0m  [1m[34mSELECT 1 AS one FROM "users" WHERE "users"."email" = ? LIMIT ?[0m  [["email", "[FILTERED]"], ["LIMIT", 1]]
  ↳ app/controllers/users_controller.rb:10:in 'UsersController#create'
  [1m[36mTRANSACTION (0.4ms)[0m  [1m[31mrollback transaction[0m
  ↳ app/controllers/users_controller.rb:10:in 'UsersController#create'
  Rendering layout layouts/application.html.erb
  Rendering users/new.html.erb within layouts/application
  Rendered users/new.html.erb within layouts/application (Duration: 30.5ms | GC: 0.0ms)
  Rendered layout layouts/application.html.erb (Duration: 75.5ms | GC: 0.0ms)
Completed 200 OK in 650ms (Views: 81.0ms | ActiveRecord: 15.5ms (1 query, 0 cached) | GC: 0.0ms)


Started GET "/manifest.json" for ::1 at 2026-03-30 12:37:12 +0100
Processing by Rails::PwaController#manifest as JSON
  Rendering pwa/manifest.json.erb
  Rendered pwa/manifest.json.erb (Duration: 1.1ms | GC: 0.0ms)
Completed 200 OK in 9ms (Views: 5.0ms | ActiveRecord: 0.0ms (0 queries, 0 cached) | GC: 0.0ms)


Started GET "/login" for ::1 at 2026-03-30 12:40:07 +0100
Processing by SessionsController#new as HTML
  Rendering layout layouts/application.html.erb
  Rendering sessions/new.html.erb within layouts/application
  Rendered sessions/new.html.erb within layouts/application (Duration: 8.7ms | GC: 0.0ms)
  Rendered layout layouts/application.html.erb (Duration: 55.4ms | GC: 0.0ms)
Completed 200 OK in 64ms (Views: 57.4ms | ActiveRecord: 0.0ms (0 queries, 0 cached) | GC: 0.0ms)


Started GET "/manifest.json" for ::1 at 2026-03-30 12:40:08 +0100
Processing by Rails::PwaController#manifest as JSON
  Rendering pwa/manifest.json.erb
  Rendered pwa/manifest.json.erb (Duration: 1.1ms | GC: 0.0ms)
Completed 200 OK in 10ms (Views: 3.4ms | ActiveRecord: 0.0ms (0 queries, 0 cached) | GC: 0.0ms)


Started POST "/login" for ::1 at 2026-03-30 12:40:17 +0100
Processing by SessionsController#create as HTML
  Parameters: {"authenticity_token" => "[FILTERED]", "email" => "[FILTERED]", "password" => "[FILTERED]", "commit" => "Login"}
  [1m[36mUser Load (0.7ms)[0m  [1m[34mSELECT "users".* FROM "users" WHERE "users"."email" = ? LIMIT ?[0m  [["email", "[FILTERED]"], ["LIMIT", 1]]
  ↳ app/controllers/sessions_controller.rb:8:in 'SessionsController#create'
  Rendering layout layouts/application.html.erb
  Rendering sessions/new.html.erb within layouts/application
  Rendered sessions/new.html.erb within layouts/application (Duration: 15.0ms | GC: 0.0ms)
  Rendered layout layouts/application.html.erb (Duration: 52.4ms | GC: 0.0ms)
Completed 200 OK in 72ms (Views: 55.6ms | ActiveRecord: 0.6ms (1 query, 0 cached) | GC: 0.0ms)


Started GET "/manifest.json" for ::1 at 2026-03-30 12:40:17 +0100
Processing by Rails::PwaController#manifest as JSON
  Rendering pwa/manifest.json.erb
  Rendered pwa/manifest.json.erb (Duration: 1.2ms | GC: 0.0ms)
Completed 200 OK in 7ms (Views: 3.7ms | ActiveRecord: 0.0ms (0 queries, 0 cached) | GC: 0.0ms)


Started POST "/login" for ::1 at 2026-03-30 12:40:26 +0100
Processing by SessionsController#create as HTML
  Parameters: {"authenticity_token" => "[FILTERED]", "email" => "[FILTERED]", "password" => "[FILTERED]", "commit" => "Login"}
  [1m[36mUser Load (0.4ms)[0m  [1m[34mSELECT "users".* FROM "users" WHERE "users"."email" = ? LIMIT ?[0m  [["email", "[FILTERED]"], ["LIMIT", 1]]
  ↳ app/controllers/sessions_controller.rb:8:in 'SessionsController#create'
  Rendering layout layouts/application.html.erb
  Rendering sessions/new.html.erb within layouts/application
  Rendered sessions/new.html.erb within layouts/application (Duration: 14.6ms | GC: 0.0ms)
  Rendered layout layouts/application.html.erb (Duration: 67.7ms | GC: 0.0ms)
Completed 200 OK in 98ms (Views: 74.4ms | ActiveRecord: 0.4ms (1 query, 0 cached) | GC: 0.0ms)


Started GET "/manifest.json" for ::1 at 2026-03-30 12:40:26 +0100
Processing by Rails::PwaController#manifest as JSON
  Rendering pwa/manifest.json.erb
  Rendered pwa/manifest.json.erb (Duration: 0.9ms | GC: 0.0ms)
Completed 200 OK in 7ms (Views: 3.0ms | ActiveRecord: 0.0ms (0 queries, 0 cached) | GC: 0.0ms)


Started POST "/login" for ::1 at 2026-03-30 12:40:37 +0100
Processing by SessionsController#create as HTML
  Parameters: {"authenticity_token" => "[FILTERED]", "email" => "[FILTERED]", "password" => "[FILTERED]", "commit" => "Login"}
  [1m[36mUser Load (0.3ms)[0m  [1m[34mSELECT "users".* FROM "users" WHERE "users"."email" = ? LIMIT ?[0m  [["email", "[FILTERED]"], ["LIMIT", 1]]
  ↳ app/controllers/sessions_controller.rb:8:in 'SessionsController#create'
  Rendering layout layouts/application.html.erb
  Rendering sessions/new.html.erb within layouts/application
  Rendered sessions/new.html.erb within layouts/application (Duration: 4.4ms | GC: 0.0ms)
  Rendered layout layouts/application.html.erb (Duration: 53.2ms | GC: 0.0ms)
Completed 200 OK in 71ms (Views: 55.4ms | ActiveRecord: 0.3ms (1 query, 0 cached) | GC: 0.0ms)


Started GET "/manifest.json" for ::1 at 2026-03-30 12:40:37 +0100
Processing by Rails::PwaController#manifest as JSON
  Rendering pwa/manifest.json.erb
  Rendered pwa/manifest.json.erb (Duration: 1.1ms | GC: 0.0ms)
Completed 200 OK in 9ms (Views: 5.2ms | ActiveRecord: 0.0ms (0 queries, 0 cached) | GC: 0.0ms)


Started GET "/signup" for ::1 at 2026-03-30 12:40:39 +0100
Processing by UsersController#new as HTML
  Rendering layout layouts/application.html.erb
  Rendering users/new.html.erb within layouts/application
  Rendered users/new.html.erb within layouts/application (Duration: 18.1ms | GC: 0.0ms)
  Rendered layout layouts/application.html.erb (Duration: 68.3ms | GC: 0.0ms)
Completed 200 OK in 78ms (Views: 70.5ms | ActiveRecord: 0.0ms (0 queries, 0 cached) | GC: 0.0ms)


Started GET "/manifest.json" for ::1 at 2026-03-30 12:40:40 +0100
Processing by Rails::PwaController#manifest as JSON
  Rendering pwa/manifest.json.erb
  Rendered pwa/manifest.json.erb (Duration: 1.1ms | GC: 0.0ms)
Completed 200 OK in 7ms (Views: 3.3ms | ActiveRecord: 0.0ms (0 queries, 0 cached) | GC: 0.0ms)


Started POST "/users" for ::1 at 2026-03-30 12:41:00 +0100
Processing by UsersController#create as HTML
  Parameters: {"authenticity_token" => "[FILTERED]", "user" => {"name" => "samuel", "email" => "[FILTERED]", "password" => "[FILTERED]", "password_confirmation" => "[FILTERED]"}, "commit" => "Create account"}
  [1m[36mTRANSACTION (0.1ms)[0m  [1m[36mbegin transaction[0m
  ↳ app/controllers/users_controller.rb:10:in 'UsersController#create'
  [1m[36mUser Exists? (14.3ms)[0m  [1m[34mSELECT 1 AS one FROM "users" WHERE "users"."email" = ? LIMIT ?[0m  [["email", "[FILTERED]"], ["LIMIT", 1]]
  ↳ app/controllers/users_controller.rb:10:in 'UsersController#create'
  [1m[36mTRANSACTION (1.2ms)[0m  [1m[31mrollback transaction[0m
  ↳ app/controllers/users_controller.rb:10:in 'UsersController#create'
  Rendering layout layouts/application.html.erb
  Rendering users/new.html.erb within layouts/application
  Rendered users/new.html.erb within layouts/application (Duration: 15.4ms | GC: 0.0ms)
  Rendered layout layouts/application.html.erb (Duration: 50.0ms | GC: 0.0ms)
Completed 200 OK in 484ms (Views: 52.4ms | ActiveRecord: 15.5ms (1 query, 0 cached) | GC: 0.0ms)


Started GET "/manifest.json" for ::1 at 2026-03-30 12:41:01 +0100
Processing by Rails::PwaController#manifest as JSON
  Rendering pwa/manifest.json.erb
  Rendered pwa/manifest.json.erb (Duration: 1.2ms | GC: 0.0ms)
Completed 200 OK in 7ms (Views: 3.8ms | ActiveRecord: 0.0ms (0 queries, 0 cached) | GC: 0.0ms)


Started GET "/" for ::1 at 2026-04-01 11:25:37 +0100
  [1m[36mActiveRecord::SchemaMigration Load (0.6ms)[0m  [1m[34mSELECT "schema_migrations"."version" FROM "schema_migrations" ORDER BY "schema_migrations"."version" ASC[0m
  
NoMethodError (undefined method 'allow_browser' for class ApplicationController):
  
app/controllers/application_controller.rb:3:in '<class:ApplicationController>'
app/controllers/application_controller.rb:1:in '<main>'
app/controllers/projects_controller.rb:1:in '<main>'
Started GET "/favicon.ico" for ::1 at 2026-04-01 11:25:48 +0100
  
ActionController::RoutingError (No route matches [GET] "/favicon.ico"):
  
Started GET "/" for ::1 at 2026-04-01 11:25:55 +0100
  
NoMethodError (undefined method 'allow_browser' for class ApplicationController):
  
app/controllers/application_controller.rb:3:in '<class:ApplicationController>'
app/controllers/application_controller.rb:1:in '<main>'
app/controllers/projects_controller.rb:1:in '<main>'
Started GET "/" for ::1 at 2026-04-01 11:26:01 +0100
  
NoMethodError (undefined method 'allow_browser' for class ApplicationController):
  
app/controllers/application_controller.rb:3:in '<class:ApplicationController>'
app/controllers/application_controller.rb:1:in '<main>'
app/controllers/projects_controller.rb:1:in '<main>'
Started GET "/" for ::1 at 2026-04-01 11:28:24 +0100
  [1m[36mActiveRecord::SchemaMigration Load (0.5ms)[0m  [1m[34mSELECT "schema_migrations"."version" FROM "schema_migrations" ORDER BY "schema_migrations"."version" ASC[0m
  
NoMethodError (undefined method 'allow_browser' for class ApplicationController):
  
app/controllers/application_controller.rb:3:in '<class:ApplicationController>'
app/controllers/application_controller.rb:1:in '<main>'
app/controllers/projects_controller.rb:1:in '<main>'
Started GET "/" for ::1 at 2026-04-01 11:28:27 +0100
  
NoMethodError (undefined method 'allow_browser' for class ApplicationController):
  
app/controllers/application_controller.rb:3:in '<class:ApplicationController>'
app/controllers/application_controller.rb:1:in '<main>'
app/controllers/projects_controller.rb:1:in '<main>'
Started GET "/" for ::1 at 2026-04-01 11:31:40 +0100
  [1m[36mActiveRecord::SchemaMigration Load (0.4ms)[0m  [1m[34mSELECT "schema_migrations"."version" FROM "schema_migrations" ORDER BY "schema_migrations"."version" ASC[0m
Processing by ProjectsController#index as HTML
Redirected to http://localhost:3000/login
Filter chain halted as :require_login rendered or redirected
Completed 302 Found in 540ms (ActiveRecord: 0.0ms | Allocations: 1968)


Started GET "/login" for ::1 at 2026-04-01 11:31:41 +0100
Processing by SessionsController#new as HTML
  Rendering layout layouts/application.html.erb
  Rendering sessions/new.html.erb within layouts/application
  Rendered sessions/new.html.erb within layouts/application (Duration: 919.9ms | Allocations: 6284)
  Rendered layout layouts/application.html.erb (Duration: 5282.0ms | Allocations: 47730)
Completed 200 OK in 6194ms (Views: 5806.5ms | ActiveRecord: 0.0ms | Allocations: 51254)


Started GET "/manifest.json" for ::1 at 2026-04-01 11:31:48 +0100
  
ActionController::RoutingError (uninitialized constant Rails::PwaController):
  
Started POST "/login" for ::1 at 2026-04-01 11:32:05 +0100
Processing by SessionsController#create as HTML
  Parameters: {"authenticity_token" => "[FILTERED]", "email" => "[FILTERED]", "password" => "[FILTERED]", "commit" => "Login"}
Completed 500 Internal Server Error in 356ms (ActiveRecord: 0.0ms | Allocations: 6785)


  
LoadError (cannot load such file -- bcrypt):
  
app/models/user.rb:2:in '<class:User>'
app/models/user.rb:1:in '<main>'
app/controllers/sessions_controller.rb:8:in 'SessionsController#create'
Started GET "/manifest.json" for ::1 at 2026-04-01 11:32:12 +0100
  
ActionController::RoutingError (uninitialized constant Rails::PwaController):
  
Started GET "/signup" for ::1 at 2026-04-01 11:32:14 +0100
Processing by UsersController#new as HTML
Completed 500 Internal Server Error in 38ms (ActiveRecord: 0.0ms | Allocations: 674)


  
LoadError (cannot load such file -- bcrypt):
  
app/models/user.rb:2:in '<class:User>'
app/models/user.rb:1:in '<main>'
app/controllers/users_controller.rb:5:in 'UsersController#new'
Started GET "/" for ::1 at 2026-04-01 11:35:57 +0100
  [1m[36mActiveRecord::SchemaMigration Load (0.5ms)[0m  [1m[34mSELECT "schema_migrations"."version" FROM "schema_migrations" ORDER BY "schema_migrations"."version" ASC[0m
Processing by ProjectsController#index as HTML
Redirected to http://localhost:3000/login
Filter chain halted as :require_login rendered or redirected
Completed 302 Found in 134ms (ActiveRecord: 0.0ms | Allocations: 2577)


Started GET "/login" for ::1 at 2026-04-01 11:35:58 +0100
Processing by SessionsController#new as HTML
  Rendering layout layouts/application.html.erb
  Rendering sessions/new.html.erb within layouts/application
  Rendered sessions/new.html.erb within layouts/application (Duration: 87.1ms | Allocations: 3406)
  Rendered layout layouts/application.html.erb (Duration: 255.2ms | Allocations: 12659)
Completed 200 OK in 451ms (Views: 317.8ms | ActiveRecord: 0.0ms | Allocations: 16176)


Started GET "/manifest.json" for ::1 at 2026-04-01 11:35:59 +0100
  
ActionController::RoutingError (No route matches [GET] "/manifest.json"):
  
Started GET "/signup" for ::1 at 2026-04-01 11:36:01 +0100
Processing by UsersController#new as HTML
  Rendering layout layouts/application.html.erb
  Rendering users/new.html.erb within layouts/application
  Rendered users/new.html.erb within layouts/application (Duration: 9.5ms | Allocations: 1364)
  Rendered layout layouts/application.html.erb (Duration: 129.0ms | Allocations: 2278)
Completed 200 OK in 584ms (Views: 146.0ms | ActiveRecord: 23.3ms | Allocations: 14892)


Started GET "/manifest.json" for ::1 at 2026-04-01 11:36:02 +0100
  
ActionController::RoutingError (No route matches [GET] "/manifest.json"):
  
Started POST "/users" for ::1 at 2026-04-01 11:36:15 +0100
Processing by UsersController#create as HTML
  Parameters: {"authenticity_token" => "[FILTERED]", "user" => {"name" => "samuel", "email" => "[FILTERED]", "password" => "[FILTERED]", "password_confirmation" => "[FILTERED]"}, "commit" => "Create account"}
  [1m[36mTRANSACTION (0.2ms)[0m  [1m[36mbegin transaction[0m
  ↳ app/controllers/users_controller.rb:10:in 'UsersController#create'
  [1m[36mUser Exists? (7.7ms)[0m  [1m[34mSELECT 1 AS one FROM "users" WHERE "users"."email" = ? LIMIT ?[0m  [["email", "[FILTERED]"], ["LIMIT", 1]]
  ↳ app/controllers/users_controller.rb:10:in 'UsersController#create'
  [1m[36mTRANSACTION (0.8ms)[0m  [1m[31mrollback transaction[0m
  ↳ app/controllers/users_controller.rb:10:in 'UsersController#create'
  Rendering layout layouts/application.html.erb
  Rendering users/new.html.erb within layouts/application
  Rendered users/new.html.erb within layouts/application (Duration: 12.1ms | Allocations: 1205)
  Rendered layout layouts/application.html.erb (Duration: 46.8ms | Allocations: 2107)
Completed 200 OK in 1028ms (Views: 50.7ms | ActiveRecord: 8.4ms | Allocations: 9981)


Started GET "/manifest.json" for ::1 at 2026-04-01 11:36:16 +0100
  
ActionController::RoutingError (No route matches [GET] "/manifest.json"):
  
Started POST "/users" for ::1 at 2026-04-01 11:36:47 +0100
Processing by UsersController#create as HTML
  Parameters: {"authenticity_token" => "[FILTERED]", "user" => {"name" => "samuel", "email" => "[FILTERED]", "password" => "[FILTERED]", "password_confirmation" => "[FILTERED]"}, "commit" => "Create account"}
  [1m[36mTRANSACTION (0.2ms)[0m  [1m[36mbegin transaction[0m
  ↳ app/controllers/users_controller.rb:10:in 'UsersController#create'
  [1m[36mUser Exists? (6.7ms)[0m  [1m[34mSELECT 1 AS one FROM "users" WHERE "users"."email" = ? LIMIT ?[0m  [["email", "[FILTERED]"], ["LIMIT", 1]]
  ↳ app/controllers/users_controller.rb:10:in 'UsersController#create'
  [1m[36mTRANSACTION (0.2ms)[0m  [1m[31mrollback transaction[0m
  ↳ app/controllers/users_controller.rb:10:in 'UsersController#create'
  Rendering layout layouts/application.html.erb
  Rendering users/new.html.erb within layouts/application
  Rendered users/new.html.erb within layouts/application (Duration: 22.9ms | Allocations: 1085)
  Rendered layout layouts/application.html.erb (Duration: 62.7ms | Allocations: 1988)
Completed 200 OK in 467ms (Views: 67.6ms | ActiveRecord: 7.1ms | Allocations: 4664)


Started GET "/manifest.json" for ::1 at 2026-04-01 11:36:48 +0100
  
ActionController::RoutingError (No route matches [GET] "/manifest.json"):
  
Started POST "/users" for ::1 at 2026-04-01 11:38:06 +0100
  [1m[36mActiveRecord::SchemaMigration Load (0.4ms)[0m  [1m[34mSELECT "schema_migrations"."version" FROM "schema_migrations" ORDER BY "schema_migrations"."version" ASC[0m
Processing by UsersController#create as HTML
  Parameters: {"authenticity_token" => "[FILTERED]", "user" => {"name" => "samuel", "email" => "[FILTERED]", "password" => "[FILTERED]", "password_confirmation" => "[FILTERED]"}, "commit" => "Create account"}
  [1m[36mTRANSACTION (0.1ms)[0m  [1m[36mbegin transaction[0m
  ↳ app/controllers/users_controller.rb:10:in 'UsersController#create'
  [1m[36mUser Exists? (6.5ms)[0m  [1m[34mSELECT 1 AS one FROM "users" WHERE "users"."email" = ? LIMIT ?[0m  [["email", "[FILTERED]"], ["LIMIT", 1]]
  ↳ app/controllers/users_controller.rb:10:in 'UsersController#create'
  [1m[36mTRANSACTION (0.2ms)[0m  [1m[31mrollback transaction[0m
  ↳ app/controllers/users_controller.rb:10:in 'UsersController#create'
  Rendering layout layouts/application.html.erb
  Rendering users/new.html.erb within layouts/application
  Rendered users/new.html.erb within layouts/application (Duration: 80.8ms | Allocations: 2761)
  Rendered layout layouts/application.html.erb (Duration: 243.2ms | Allocations: 11983)
Completed 200 OK in 1191ms (Views: 444.3ms | ActiveRecord: 22.1ms | Allocations: 35112)


Started GET "/manifest.json" for ::1 at 2026-04-01 11:38:08 +0100
  
ActionController::RoutingError (No route matches [GET] "/manifest.json"):
  
Started POST "/users" for ::1 at 2026-04-01 11:38:20 +0100
Processing by UsersController#create as HTML
  Parameters: {"authenticity_token" => "[FILTERED]", "user" => {"name" => "samuel", "email" => "[FILTERED]", "password" => "[FILTERED]", "password_confirmation" => "[FILTERED]"}, "commit" => "Create account"}
  [1m[36mTRANSACTION (0.2ms)[0m  [1m[36mbegin transaction[0m
  ↳ app/controllers/users_controller.rb:10:in 'UsersController#create'
  [1m[36mUser Exists? (16.2ms)[0m  [1m[34mSELECT 1 AS one FROM "users" WHERE "users"."email" = ? LIMIT ?[0m  [["email", "[FILTERED]"], ["LIMIT", 1]]
  ↳ app/controllers/users_controller.rb:10:in 'UsersController#create'
  [1m[36mTRANSACTION (0.2ms)[0m  [1m[31mrollback transaction[0m
  ↳ app/controllers/users_controller.rb:10:in 'UsersController#create'
  Rendering layout layouts/application.html.erb
  Rendering users/new.html.erb within layouts/application
  Rendered users/new.html.erb within layouts/application (Duration: 36.5ms | Allocations: 1085)
  Rendered layout layouts/application.html.erb (Duration: 88.0ms | Allocations: 1992)
Completed 200 OK in 544ms (Views: 99.6ms | ActiveRecord: 16.5ms | Allocations: 4677)


Started GET "/manifest.json" for ::1 at 2026-04-01 11:38:21 +0100
  
ActionController::RoutingError (No route matches [GET] "/manifest.json"):
  
Started POST "/users" for ::1 at 2026-04-01 11:39:43 +0100
Processing by UsersController#create as HTML
  Parameters: {"authenticity_token" => "[FILTERED]", "user" => {"name" => "samuel", "email" => "[FILTERED]", "password" => "[FILTERED]", "password_confirmation" => "[FILTERED]"}, "commit" => "Create account"}
  [1m[36mTRANSACTION (0.1ms)[0m  [1m[36mbegin transaction[0m
  ↳ app/controllers/users_controller.rb:10:in 'UsersController#create'
  [1m[36mUser Exists? (6.7ms)[0m  [1m[34mSELECT 1 AS one FROM "users" WHERE "users"."email" = ? LIMIT ?[0m  [["email", "[FILTERED]"], ["LIMIT", 1]]
  ↳ app/controllers/users_controller.rb:10:in 'UsersController#create'
  [1m[36mTRANSACTION (0.2ms)[0m  [1m[31mrollback transaction[0m
  ↳ app/controllers/users_controller.rb:10:in 'UsersController#create'
  Rendering layout layouts/application.html.erb
  Rendering users/new.html.erb within layouts/application
  Rendered users/new.html.erb within layouts/application (Duration: 14.7ms | Allocations: 1362)
  Rendered layout layouts/application.html.erb (Duration: 49.9ms | Allocations: 2578)
Completed 200 OK in 625ms (Views: 109.6ms | ActiveRecord: 25.5ms | Allocations: 11149)


Started POST "/users" for ::1 at 2026-04-01 11:39:56 +0100
Processing by UsersController#create as HTML
  Parameters: {"authenticity_token" => "[FILTERED]", "user" => {"name" => "samuel", "email" => "[FILTERED]", "password" => "[FILTERED]", "password_confirmation" => "[FILTERED]"}, "commit" => "Create account"}
  [1m[36mTRANSACTION (0.1ms)[0m  [1m[36mbegin transaction[0m
  ↳ app/controllers/users_controller.rb:10:in 'UsersController#create'
  [1m[36mUser Exists? (6.2ms)[0m  [1m[34mSELECT 1 AS one FROM "users" WHERE "users"."email" = ? LIMIT ?[0m  [["email", "[FILTERED]"], ["LIMIT", 1]]
  ↳ app/controllers/users_controller.rb:10:in 'UsersController#create'
  [1m[36mTRANSACTION (0.2ms)[0m  [1m[31mrollback transaction[0m
  ↳ app/controllers/users_controller.rb:10:in 'UsersController#create'
  Rendering layout layouts/application.html.erb
  Rendering users/new.html.erb within layouts/application
  Rendered users/new.html.erb within layouts/application (Duration: 26.8ms | Allocations: 1087)
  Rendered layout layouts/application.html.erb (Duration: 51.2ms | Allocations: 1976)
Completed 200 OK in 462ms (Views: 57.8ms | ActiveRecord: 6.5ms | Allocations: 4644)


Started GET "/login" for ::1 at 2026-04-01 11:41:06 +0100
Processing by SessionsController#new as HTML
  Rendering layout layouts/application.html.erb
  Rendering sessions/new.html.erb within layouts/application
  Rendered sessions/new.html.erb within layouts/application (Duration: 17.7ms | Allocations: 2288)
  Rendered layout layouts/application.html.erb (Duration: 72.3ms | Allocations: 3184)
Completed 200 OK in 121ms (Views: 114.5ms | ActiveRecord: 0.0ms | Allocations: 3630)


Started POST "/login" for ::1 at 2026-04-01 11:41:14 +0100
Processing by SessionsController#create as HTML
  Parameters: {"authenticity_token" => "[FILTERED]", "email" => "[FILTERED]", "password" => "[FILTERED]", "commit" => "Login"}
  [1m[36mUser Load (0.4ms)[0m  [1m[34mSELECT "users".* FROM "users" WHERE "users"."email" = ? LIMIT ?[0m  [["email", "[FILTERED]"], ["LIMIT", 1]]
  ↳ app/controllers/sessions_controller.rb:8:in 'SessionsController#create'
  Rendering layout layouts/application.html.erb
  Rendering sessions/new.html.erb within layouts/application
  Rendered sessions/new.html.erb within layouts/application (Duration: 4.7ms | Allocations: 2033)
  Rendered layout layouts/application.html.erb (Duration: 73.7ms | Allocations: 2918)
Completed 200 OK in 89ms (Views: 78.1ms | ActiveRecord: 0.4ms | Allocations: 3922)


Started GET "/signup" for ::1 at 2026-04-01 11:41:17 +0100
Processing by UsersController#new as HTML
  Rendering layout layouts/application.html.erb
  Rendering users/new.html.erb within layouts/application
  Rendered users/new.html.erb within layouts/application (Duration: 4.6ms | Allocations: 866)
  Rendered layout layouts/application.html.erb (Duration: 72.2ms | Allocations: 1757)
Completed 200 OK in 83ms (Views: 81.4ms | ActiveRecord: 0.0ms | Allocations: 1982)


Started POST "/users" for ::1 at 2026-04-01 11:41:31 +0100
Started POST "/users" for ::1 at 2026-04-01 11:41:31 +0100
Processing by UsersController#create as HTML
  Parameters: {"authenticity_token" => "[FILTERED]", "user" => {"name" => "samuel", "email" => "[FILTERED]", "password" => "[FILTERED]", "password_confirmation" => "[FILTERED]"}, "commit" => "Create account"}
Processing by UsersController#create as HTML
  Parameters: {"authenticity_token" => "[FILTERED]", "user" => {"name" => "samuel", "email" => "[FILTERED]", "password" => "[FILTERED]", "password_confirmation" => "[FILTERED]"}, "commit" => "Create account"}
  [1m[36mTRANSACTION (0.2ms)[0m  [1m[36mbegin transaction[0m
  ↳ app/controllers/users_controller.rb:10:in 'UsersController#create'
  [1m[36mUser Exists? (20.0ms)[0m  [1m[34mSELECT 1 AS one FROM "users" WHERE "users"."email" = ? LIMIT ?[0m  [["email", "[FILTERED]"], ["LIMIT", 1]]
  ↳ app/controllers/users_controller.rb:10:in 'UsersController#create'
  [1m[36mTRANSACTION (0.6ms)[0m  [1m[31mrollback transaction[0m
  ↳ app/controllers/users_controller.rb:10:in 'UsersController#create'
  Rendering layout layouts/application.html.erb
  Rendering users/new.html.erb within layouts/application
  Rendered users/new.html.erb within layouts/application (Duration: 16.1ms | Allocations: 1087)
  [1m[36mTRANSACTION (0.1ms)[0m  [1m[36mbegin transaction[0m
  ↳ app/controllers/users_controller.rb:10:in 'UsersController#create'
  [1m[36mUser Exists? (195.6ms)[0m  [1m[34mSELECT 1 AS one FROM "users" WHERE "users"."email" = ? LIMIT ?[0m  [["email", "[FILTERED]"], ["LIMIT", 1]]
  ↳ app/controllers/users_controller.rb:10:in 'UsersController#create'
  [1m[36mTRANSACTION (0.2ms)[0m  [1m[31mrollback transaction[0m
  ↳ app/controllers/users_controller.rb:10:in 'UsersController#create'
  Rendering layout layouts/application.html.erb
  Rendering users/new.html.erb within layouts/application
  Rendered users/new.html.erb within layouts/application (Duration: 12.3ms | Allocations: 1087)
  Rendered layout layouts/application.html.erb (Duration: 240.6ms | Allocations: 5450)
Completed 200 OK in 805ms (Views: 244.8ms | ActiveRecord: 20.6ms | Allocations: 8590)


  Rendered layout layouts/application.html.erb (Duration: 128.6ms | Allocations: 2831)
Completed 200 OK in 1018ms (Views: 284.8ms | ActiveRecord: 260.8ms | Allocations: 9961)


Started POST "/users" for ::1 at 2026-04-01 11:45:27 +0100
Processing by UsersController#create as HTML
  Parameters: {"authenticity_token" => "[FILTERED]", "user" => {"name" => "peter", "email" => "[FILTERED]", "password" => "[FILTERED]", "password_confirmation" => "[FILTERED]"}, "commit" => "Create account"}
  [1m[36mTRANSACTION (0.1ms)[0m  [1m[36mbegin transaction[0m
  ↳ app/controllers/users_controller.rb:10:in 'UsersController#create'
  [1m[36mUser Exists? (6.0ms)[0m  [1m[34mSELECT 1 AS one FROM "users" WHERE "users"."email" = ? LIMIT ?[0m  [["email", "[FILTERED]"], ["LIMIT", 1]]
  ↳ app/controllers/users_controller.rb:10:in 'UsersController#create'
  [1m[36mUser Create (15.0ms)[0m  [1m[32mINSERT INTO "users" ("name", "email", "password_digest", "created_at", "updated_at") VALUES (?, ?, ?, ?, ?) RETURNING "id"[0m  [["name", "peter"], ["email", "[FILTERED]"], ["password_digest", "[FILTERED]"], ["created_at", "2026-04-01 10:45:29.612391"], ["updated_at", "2026-04-01 10:45:29.612391"]]
  ↳ app/controllers/users_controller.rb:10:in 'UsersController#create'
  [1m[36mTRANSACTION (20.6ms)[0m  [1m[36mcommit transaction[0m
  ↳ app/controllers/users_controller.rb:10:in 'UsersController#create'
Redirected to http://localhost:3000/projects
Completed 302 Found in 582ms (ActiveRecord: 68.4ms | Allocations: 9191)


Started GET "/projects" for ::1 at 2026-04-01 11:45:29 +0100
Processing by ProjectsController#index as HTML
  [1m[36mUser Load (0.5ms)[0m  [1m[34mSELECT "users".* FROM "users" WHERE "users"."id" = ? LIMIT ?[0m  [["id", 2], ["LIMIT", 1]]
  ↳ app/controllers/application_controller.rb:7:in 'ApplicationController#current_user'
  Rendering layout layouts/application.html.erb
  Rendering projects/index.html.erb within layouts/application
  [1m[36mProject Load (0.5ms)[0m  [1m[34mSELECT "projects".* FROM "projects" INNER JOIN "project_memberships" ON "projects"."id" = "project_memberships"."project_id" WHERE "project_memberships"."user_id" = ?[0m  [["user_id", 2]]
  ↳ app/views/projects/index.html.erb:4:in '_app_views_projects_index_html_erb__240577300_19248'
  Rendered projects/index.html.erb within layouts/application (Duration: 271.9ms | Allocations: 6455)
  Rendered layout layouts/application.html.erb (Duration: 300.6ms | Allocations: 7710)
Completed 200 OK in 1155ms (Views: 327.8ms | ActiveRecord: 3.7ms | Allocations: 17631)


Started GET "/projects/new" for ::1 at 2026-04-01 11:45:36 +0100
Processing by ProjectsController#new as HTML
  [1m[36mUser Load (0.3ms)[0m  [1m[34mSELECT "users".* FROM "users" WHERE "users"."id" = ? LIMIT ?[0m  [["id", 2], ["LIMIT", 1]]
  ↳ app/controllers/application_controller.rb:7:in 'ApplicationController#current_user'
  Rendering layout layouts/application.html.erb
  Rendering projects/new.html.erb within layouts/application
  Rendered projects/_form.html.erb (Duration: 56.2ms | Allocations: 1016)
  Rendered projects/new.html.erb within layouts/application (Duration: 181.7ms | Allocations: 1236)
  Rendered layout layouts/application.html.erb (Duration: 217.2ms | Allocations: 2136)
Completed 200 OK in 308ms (Views: 221.4ms | ActiveRecord: 0.3ms | Allocations: 5565)


